,id,symbol,name,image,current_price,market_cap,market_cap_rank,fully_diluted_valuation,total_volume,high_24h,low_24h,price_change_24h,price_change_percentage_24h,market_cap_change_24h,market_cap_change_percentage_24h,circulating_supply,total_supply,max_supply,ath,ath_change_percentage,ath_date,atl,atl_change_percentage,atl_date,roi,last_updated
0,bitcoin,btc,Bitcoin,https://coin-images.coingecko.com/coins/images/1/large/bitcoin.png?1696501400,78634.0,1579089652770,1,1579090360482,28387985131.0,79625.0,78193.0,-779.4362821362447,-0.9658,-15602378051.554443,-0.97839,20081356.0,20081384.0,21000000.0,126080.0,-37.63171,2025-10-06T10:57:42.000Z,67.81,115863.76141,2013-07-05T16:00:00.000Z,,2026-09-08T10:46:30.000Z
1,ethereum,eth,Ethereum,https://coin-images.coingecko.com/coins/images/279/large/ethereum.png?1696501628,2483.72,303085220706,2,303085220706,10780361054.0,2510.03,2463.89,-6.871557295118691,-0.26424,-833612111.3639526,-0.27429,122029704.52429247,122029704.5242924,,4946.05,-49.78373,2025-08-24T11:21:03.000Z,0.432979,573535.66491,2015-10-19T16:00:00.000Z,"{'times': 41.22744770600797, 'currency': 'btc', 'percentage': 4122.744770600797}",2026-09-08T10:46:30.000Z
2,tether,usdt,Tether,https://coin-images.coingecko.com/coins/images/325/large/Tether.png?1696501661,0.999612,183369701757,3,188834594823,52369837279.0,0.999963,0.999639,-0.000305103468211776,-0.03088,-25886480.74749756,-0.01412,183438580383.21188,188905526211.2662,,1.32,-24.44896,2018-07-23T16:00:00.000Z,0.572521,74.59836,2015-03-01T16:00:00.000Z,,2026-09-08T10:46:30.000Z
3,binancecoin,bnb,BNB,https://coin-images.coingecko.com/coins/images/825/large/bnb-icon2_2x.png?1696501970,757.33,100841624829,4,100841628010,1107446596.0,760.33,734.68,13.02,1.76611,1727978640.0,1.74343,133161524.46,133161510.7,200000000.0,1369.99,-44.72041,2025-10-13T00:41:24.000Z,0.0398177,1901882.68425,2017-10-18T16:00:00.000Z,,2026-09-08T10:46:30.000Z
4,ripple,xrp,XRP,https://coin-images.coingecko.com/coins/images/44/large/xrp-symbol-white-128.png?1696501442,1.4,87754936306,5,139840650751,1896141806.0,1.41,1.38,-0.002017435364069398,-0.15775,-124077689.64952087,-0.14119,62744504852.0,99985627691.0,100000000000.0,3.65,-61.64502,2025-07-17T19:40:53.000Z,0.00268621,51964.78009,2014-05-21T16:00:00.000Z,,2026-09-08T10:46:30.000Z
5,usd-coin,usdc,USDC,https://coin-images.coingecko.com/coins/images/6319/large/USDC.png?1769615602,0.999816,74278323706,6,74294072302,12825318564.0,0.999982,0.999715,-0.000109491642851789,-0.01152,-184997283.82279968,-0.24844,74291134049.27977,74309052424.04425,,1.043,-4.18308,2018-11-14T16:00:00.000Z,0.877647,13.92007,2023-03-11T00:02:13.000Z,,2026-09-08T10:46:30.000Z
6,solana,sol,Solana,https://coin-images.coingecko.com/coins/images/4128/large/solana.png?1718769756,103.42,60624669106,7,65535052656,2957366726.0,105.8,102.49,-1.6022963772025633,-1.52111,-938324864.7840652,-1.52417,586165311.664867,633642585.8047512,,293.31,-64.73914,2025-01-19T03:15:27.000Z,0.500801,20551.77188,2020-05-11T11:35:23.000Z,,2026-09-08T10:46:30.000Z
7,tron,trx,TRON,https://coin-images.coingecko.com/coins/images/1094/large/photo_2026-04-13_09-59-16.png?1776048311,0.337816,32059597933,8,32059607972,363941009.0,0.338947,0.333764,0.00097214,0.27844,79812282.0,0.24957,94940832024.07639,94940829281.17769,,0.431288,-21.67276,2024-12-03T16:10:40.000Z,0.00180434,18622.41193,2017-11-11T16:00:00.000Z,"{'times': 176.77442980264337, 'currency': 'usd', 'percentage': 17677.442980264335}",2026-09-08T10:46:30.000Z
8,figure-heloc,figr_heloc,Figure Heloc,https://coin-images.coingecko.com/coins/images/68480/large/figure.png?1755863954,1.055,23516084575,9,23516084575,343538.0,0.0,0.0,,,,,22290650137.398,22292012681.268,,1.061,-0.52441,2026-08-03T14:19:20.000Z,0.155357,579.06691,2025-10-31T06:27:24.000Z,,2026-09-05T22:40:20.000Z
9,zcash,zec,Zcash,https://coin-images.coingecko.com/coins/images/486/large/Brandmark-Yellow_%281%29.png?1785810558,1147.96,19422613108,9,19424035458,855028412.0,1207.0,1115.46,-59.31613171984873,-4.88801,-1003391341.8276329,-4.91232,16919759.5405448,16921093.9155448,21000000.0,3191.93,-64.03567,2016-10-28T16:00:00.000Z,16.08,7038.97178,2024-07-04T20:22:29.000Z,,2026-09-08T10:46:30.000Z
10,hyperliquid,hype,Hyperliquid,https://coin-images.coingecko.com/coins/images/50882/large/hyperliquid.jpg?1729431300,83.92,18668544223,10,80173234774,1117375328.0,88.31,83.36,-3.837587368856674,-4.36735,-853749166.6172714,-4.3732,222445714.07414138,955307079.4341414,1000000000.0,89.6,-6.33433,2026-09-06T12:28:40.000Z,3.81,2103.47104,2024-11-29T01:30:30.000Z,,2026-09-08T10:46:30.000Z
11,dogecoin,doge,Dogecoin,https://coin-images.coingecko.com/coins/images/5/large/dogecoin.png?1696501409,0.090395,14086493899,11,15506767354,858341883.0,0.091742,0.088783,0.00074751,0.82072,118050030.0,0.84512,155829276383.7052,171540993126.579,,0.731578,-87.64385,2021-05-07T21:08:23.000Z,8.69e-05,103917.21459,2015-05-05T16:00:00.000Z,,2026-09-08T10:46:30.000Z
12,rain,rain,Rain,https://coin-images.coingecko.com/coins/images/69134/large/Rain_logo_1_.png?1762952191,0.01695649,12026768001,12,19372954441,32058314.0,0.01702228,0.01622091,0.00044831,2.7911,319033792.0,2.72498,709209451324.5757,1142408533080.588,1150000000000.0,0.01946402,-12.88293,2026-08-25T19:53:00.000Z,0.00222126,663.3728,2025-09-14T00:56:57.000Z,,2026-09-08T10:46:30.000Z
13,usds,usds,USDS,https://coin-images.coingecko.com/coins/images/39926/large/usds.webp?1726666683,0.99975,9844362928,13,9844362928,127911042.0,0.999985,0.999621,-0.000119615991382216,-0.00732,-4127682.7158050537,-0.04191,9846522859.866425,9846522859.866425,,1.057,-5.44516,2024-10-28T21:40:51.000Z,0.948265,5.4293,2024-10-03T05:19:28.000Z,,2026-09-08T10:46:30.000Z
14,monero,xmr,Monero,https://coin-images.coingecko.com/coins/images/69/large/monero_logo.png?1696501460,512.24,9632784452,14,9632796747,115085413.0,537.98,506.72,-21.737978397844586,-4.04481,-406733155.84627724,-4.05132,18801875.18655037,18801915.38070954,,797.73,-35.78855,2026-01-14T11:34:07.000Z,0.216177,236852.98826,2015-01-13T16:00:00.000Z,,2026-09-08T10:46:30.000Z
15,chainlink,link,Chainlink,https://coin-images.coingecko.com/coins/images/877/large/Chainlink_Logo_500.png?1760023405,12.65,9462006058,15,12648050304,470206426.0,13.32,12.57,-0.6506292726054266,-4.81676,-486521226.4105053,-4.89038,748099970.424884,1000000000.0,1000000000.0,52.7,-75.9988,2021-05-09T16:13:57.000Z,0.148183,8435.25526,2017-11-28T16:00:00.000Z,,2026-09-08T10:46:30.000Z
16,whitebit,wbt,WhiteBIT Coin,https://coin-images.coingecko.com/coins/images/27045/large/wbt_token.png?1696526096,78.61,9272945029,16,23081420415,93432242.0,78.83,72.57,5.48,7.49252,645985315.0,7.48798,117956019.0,293606018.0,400000000.0,78.9,-0.36092,2026-09-08T10:26:00.000Z,3.06,2467.62648,2023-02-13T11:01:21.000Z,,2026-09-08T10:46:30.000Z
17,leo-token,leo,LEO Token,https://coin-images.coingecko.com/coins/images/8418/large/leo-token.png?1696508607,9.19,8449488514,17,9050061219,385908.0,9.28,9.13,0.206945,2.30513,190378696.0,2.30508,919857851.9,985239504.0,,10.61,-13.45096,2026-05-04T09:35:00.000Z,0.799859,1048.40536,2019-12-24T07:14:35.000Z,,2026-09-08T10:46:30.000Z
18,cardano,ada,Cardano,https://coin-images.coingecko.com/coins/images/975/large/cardano.png?1696502090,0.219645,8238173644,18,9883045747,435296835.0,0.224738,0.21582,0.00033554,0.18749,11771845.0,0.1431,37510482444.2993,45000000000.0,45000000000.0,3.09,-92.88464,2021-09-01T22:00:10.000Z,0.01925275,1040.84991,2020-03-12T18:22:55.000Z,,2026-09-08T10:46:30.000Z
19,stellar,xlm,Stellar,https://coin-images.coingecko.com/coins/images/100/large/fmpFRHHQ_400x400.jpg?1735231350,0.190444,6627964466,19,9522718636,223626971.0,0.196218,0.188438,-0.00169278125790992,-0.89241,-58783275.691599846,-0.8791,34802043310.539,50001786839.70248,,0.875563,-78.24899,2018-01-02T16:00:00.000Z,0.00047612,39898.83576,2015-03-04T16:00:00.000Z,,2026-09-08T10:46:30.000Z
20,bitcoin-cash,bch,Bitcoin Cash,https://coin-images.coingecko.com/coins/images/780/large/bitcoin-cash-circle.png?1696501932,257.16,5165440962,20,5165440158,215860054.0,269.15,254.67,0.251015,0.1313,5147059.0,0.09974,20086299.89665078,20086599.89665078,21000000.0,3785.82,-93.20719,2017-12-19T16:00:00.000Z,76.93,234.26191,2018-12-15T16:00:00.000Z,,2026-09-08T10:46:30.000Z
21,dai,dai,Dai,https://coin-images.coingecko.com/coins/images/9956/large/Badge_Dai.png?1696509996,0.999875,4593710163,21,4594573774,257301930.0,1.0,0.999698,-1.228439147849e-06,0.01894,-4800812.611226082,-0.1044,4594662032.484724,4604244092.769286,,1.22,-17.97113,2020-03-12T19:02:50.000Z,0.88196,13.36967,2023-03-10T23:50:50.000Z,,2026-09-08T10:46:30.000Z
22,ethena-usde,usde,Ethena USDe,https://coin-images.coingecko.com/coins/images/33613/large/usde.png?1733810059,0.999714,4397438291,22,4397438291,68320443.0,0.999863,0.999578,-1.0978731567635e-05,-0.00111,26760382.0,0.61227,4398643573.20917,4398643573.20917,,1.034,-3.31813,2025-12-09T09:10:12.000Z,0.929486,7.55553,2024-10-03T23:57:15.000Z,,2026-09-08T10:46:30.000Z
23,uniswap,uni,Uniswap,https://coin-images.coingecko.com/coins/images/12504/large/uniswap-logo.png?1720676669,7.02,4377616201,23,6254839943,583850392.0,7.19,6.75,-0.025344371132757004,-0.43449,-15457917.717374802,-0.35187,623212423.7271129,890460420.0329479,1000000000.0,44.92,-84.36272,2021-05-02T21:25:04.000Z,1.03,581.8251,2020-09-16T17:20:38.000Z,,2026-09-08T10:46:30.000Z
24,litecoin,ltc,Litecoin,https://coin-images.coingecko.com/coins/images/2/large/litecoin.png?1696501400,55.69,4321159573,24,4321175586,438380298.0,59.36,54.6,-0.28376588299204286,-0.48714,-21535671.657419205,-0.49591,77584298.07747455,77587473.08533391,84000000.0,410.26,-86.42558,2021-05-09T19:13:07.000Z,1.15,4747.52072,2015-01-13T16:00:00.000Z,,2026-09-08T10:46:30.000Z
25,usd1-wlfi,usd1,USD1,https://coin-images.coingecko.com/coins/images/54977/large/USD1_1000x1000_transparent.png?1749297002,0.999501,4257960739,25,4257960739,1002487048.0,0.99992,0.999411,-0.00029751264366118,-0.02644,8772482.0,0.20645,4260049888.265247,4260049888.265247,,1.048,-4.62163,2026-07-09T10:14:50.000Z,0.988762,1.08603,2026-07-09T09:13:20.000Z,,2026-09-08T10:46:30.000Z
26,canton-network,cc,Canton,https://coin-images.coingecko.com/coins/images/70468/large/Canton-Ticker_%281%29.png?1762826299,0.105158,4159235353,26,4159235353,10453221.0,0.108787,0.103674,-0.001899112414229354,-1.71962,-74289443.38648558,-1.75479,39551237872.93061,39551237872.93061,,0.194152,-45.83695,2026-02-03T00:02:08.000Z,0.059024,78.16206,2025-12-06T02:32:09.000Z,,2026-09-08T10:46:30.000Z
27,the-open-network,gram,Gram (prev. Toncoin),https://coin-images.coingecko.com/coins/images/17980/large/Gram_Circular_Badge.png?1781524778,1.39,3879656785,27,7312003201,37990944.0,1.42,1.38,-0.024887642494404005,-1.73934,-67816597.40733004,-1.71797,2783151748.1974826,5245445554.683425,,8.25,-83.11341,2024-06-14T16:36:51.000Z,0.519364,168.35765,2021-09-20T16:33:11.000Z,,2026-09-08T10:46:30.000Z
28,hedera-hashgraph,hbar,Hedera,https://coin-images.coingecko.com/coins/images/3688/large/hbar.png?1696504364,0.080386,3523687533,28,4019578081,90651633.0,0.083137,0.079587,-0.000371802339327043,-0.47015,-16039131.648092747,-0.45312,43831559703.50333,50000000000.0,50000000000.0,0.569229,-85.87814,2021-09-15T02:40:28.000Z,0.00986111,715.17884,2020-01-02T09:30:24.000Z,,2026-09-08T10:46:30.000Z
29,avalanche-2,avax,Avalanche,https://coin-images.coingecko.com/coins/images/12559/large/Avalanche_Circle_RedWhite_Trans.png?1696512369,8.11,3500128366,29,3756851648,409671540.0,8.19,7.84,0.232438,2.92524,100445161.0,2.95454,431771961.1772119,463441061.1772119,720000000.0,144.96,-94.40808,2021-11-21T06:18:56.000Z,2.8,189.39397,2020-12-31T05:15:21.000Z,,2026-09-08T10:46:30.000Z
30,sui,sui,Sui,https://coin-images.coingecko.com/coins/images/26375/large/sui-ocean-square.png?1727791290,0.823212,3371892379,30,8231079711,735558369.0,0.843603,0.801089,0.01083293,1.28502,43951439.0,1.32068,4096537146.5409594,10000000000.0,10000000000.0,5.35,-84.60298,2025-01-04T14:56:18.000Z,0.364846,125.63253,2023-10-19T02:40:30.000Z,,2026-09-08T10:46:30.000Z
31,global-dollar,usdg,Global Dollar,https://coin-images.coingecko.com/coins/images/51281/large/GDN_USDG_Token_200x200.png?1730484111,1.0,3248992997,31,3248992997,1254234015.0,1.0,0.999842,4.75e-05,0.00513,-12928604.121722698,-0.39635,3248823580.343932,3248823457.530431,,1.65,-39.55735,2025-01-29T16:11:05.000Z,0.907561,10.18906,2024-11-11T15:55:50.000Z,,2026-09-08T10:46:30.000Z
32,shiba-inu,shib,Shiba Inu,https://coin-images.coingecko.com/coins/images/11939/large/shiba.png?1696511800,5.46e-06,3217547084,32,3218949349,75831872.0,5.58e-06,5.37e-06,-1.5972427085e-08,-0.31548,-8779814.392505646,-0.27213,589239307782558.2,589496238721205.9,,8.616e-05,-93.66352,2021-10-27T19:54:55.000Z,5.6366e-11,9685521.53021,2020-11-28T03:26:25.000Z,,2026-09-08T10:46:30.000Z
33,near,near,NEAR Protocol,https://coin-images.coingecko.com/coins/images/10365/large/near.jpg?1696510367,2.32,3026281509,33,3026281576,309520388.0,2.4,2.26,-0.031240181236050546,-1.26457,-41831718.717900276,-1.36343,1305751374.0,1305751369.0,,20.44,-88.65552,2022-01-16T14:09:45.000Z,0.526762,340.1603,2020-11-04T08:09:15.000Z,,2026-09-08T10:46:30.000Z
34,paypal-usd,pyusd,PayPal USD,https://coin-images.coingecko.com/coins/images/31212/large/PYUSD_Token_Logo_2x.png?1765987788,0.999809,2889046493,34,2888246588,74611354.0,1.0,0.999693,-9.6987495700418e-05,-0.0088,-36291075.15450096,-1.24058,2889539541.1145854,2889539541.114585,,1.021,-2.05033,2023-10-23T14:44:57.000Z,0.959426,4.20905,2024-12-05T14:31:13.000Z,,2026-09-08T10:46:30.000Z
35,crypto-com-chain,cro,Cronos,https://coin-images.coingecko.com/coins/images/7310/large/cro_token_logo.png?1696507599,0.058875,2855954392,35,5819280615,7837490.0,0.059612,0.056503,0.00133554,2.34844,63008690.0,2.25599,48541620866.26344,98908299222.92136,100000000000.0,0.891544,-93.39627,2021-11-23T16:00:00.000Z,0.0121196,385.7846,2019-02-07T16:00:00.000Z,,2026-09-08T10:46:30.000Z
36,blackrock-usd-institutional-digital-liquidity-fund,buidl,BlackRock USD Institutional Digital Liquidity Fund,https://coin-images.coingecko.com/coins/images/36291/large/blackrock.png?1711013223,1.0,2832282866,36,2832282866,0.0,1.0,1.0,0.0,0.0,0.0,0.0,2832282865.800449,2832282865.800449,,1.0,0.0,2025-02-11T21:00:10.000Z,1.0,0.0,2026-07-23T07:25:00.000Z,,2026-09-08T10:46:30.000Z
37,tether-gold,xaut,Tether Gold,https://coin-images.coingecko.com/coins/images/10481/large/logo.png?1774627372,4393.69,2692539193,37,3109600529,633440139.0,4438.15,4380.56,0.938057,0.03802,556131.0,0.02066,612823.6595320001,707747.089,,5504.62,-20.18169,2026-01-28T16:00:00.000Z,1447.84,203.465,2020-03-19T05:45:41.000Z,,2026-09-08T10:46:30.000Z
38,memecore,m,MemeCore,https://coin-images.coingecko.com/coins/images/53247/large/square-bg-transparent.png?1752637478,1.19,2691124169,38,6414601363,2105113.0,1.2,1.11,0.054795,4.8784,124481122.0,4.84996,2270423504.0924716,5411813350.607758,10000000000.0,5.64,-78.99405,2026-07-02T04:14:00.000Z,0.04746135,2397.71359,2025-07-03T19:56:17.000Z,,2026-09-08T10:46:30.000Z
39,hashnote-usyc,usyc,Circle USYC,https://coin-images.coingecko.com/coins/images/51054/large/Hashnote_SDYC_200x200.png?1730370965,1.14,2624340328,39,2624340328,0.0,1.14,1.14,0.0,0.0,0.0,0.0,2308988052.650666,2308988052.650666,,1.14,0.0,2026-09-04T13:05:00.000Z,1.026,10.76628,2024-12-05T14:31:20.000Z,,2026-09-08T10:46:30.000Z
40,bittensor,tao,Bittensor,https://coin-images.coingecko.com/coins/images/28452/large/ARUsPeNQ_400x400.jpeg?1696527447,255.87,2455558521,40,5372938505,195763270.0,266.02,251.93,-10.650196681341953,-3.96789,-102365421.94925547,-4.00189,9597491.0,21000000.0,21000000.0,757.6,-66.22648,2024-03-07T10:45:36.000Z,30.83,729.93877,2023-05-14T00:57:53.000Z,,2026-09-08T10:46:30.000Z
41,ripple-usd,rlusd,Ripple USD,https://coin-images.coingecko.com/coins/images/39651/large/RLUSD_200x200_%281%29.png?1727376633,0.99991,2431478471,41,2431478471,110360521.0,1.0,0.999853,-7.4163420501705e-05,-0.00834,24365541.0,1.01223,2431651384.647228,2433651384.647227,,1.073,-6.79594,2024-12-26T02:45:52.000Z,0.962292,3.90922,2024-12-17T20:40:40.000Z,,2026-09-08T10:46:30.000Z
42,okb,okb,OKB,https://coin-images.coingecko.com/coins/images/4463/large/WeChat_Image_20220118095654.png?1696505053,115.73,2430239987,42,2430239987,41139335.0,118.02,113.83,0.851765,0.72997,17877045.0,0.74106,21000000.0,21000000.0,21000000.0,228.74,-49.40697,2025-10-04T16:00:00.000Z,0.580608,19831.89755,2019-01-13T16:00:00.000Z,,2026-09-08T10:46:30.000Z
43,ondo-us-dollar-yield,usdy,Ondo US Dollar Yield,https://coin-images.coingecko.com/coins/images/31700/large/usdy_%281%29.png?1696530524,1.14,2206369161,43,2206369161,3306784.0,1.15,1.14,-0.002825753636671813,-0.01933,4191025.0,0.19031,1926113308.788933,1926113308.788933,,1.26,-9.54419,2024-03-26T21:24:08.000Z,0.934184,22.29912,2024-01-14T03:40:50.000Z,,2026-09-08T10:46:30.000Z
44,mantle,mnt,Mantle,https://coin-images.coingecko.com/coins/images/30980/large/MNT_Token_Logo.png?1765516974,0.628234,2074639128,44,3907234329,34573978.0,0.644505,0.615342,-0.006126410165094298,-0.94347,-20205269.01105404,-0.96452,3302294382.53684,6219316794.889999,6219316794.89,2.86,-77.99574,2025-10-08T17:04:46.000Z,0.307978,103.98694,2023-10-17T18:50:46.000Z,,2026-09-08T10:46:30.000Z
45,aster-2,aster,Aster,https://coin-images.coingecko.com/coins/images/69040/large/_ASTER.png?1757326782,0.762647,2061920059,45,5950715794,193384126.0,0.807319,0.757456,-0.04151419380079635,-5.05618,-112589170.31326056,-5.17768,2704071066.7997313,7803968119.651995,8000000000.0,2.41,-68.33829,2025-09-24T03:18:14.000Z,0.099713,664.83854,2025-09-17T04:05:36.000Z,,2026-09-08T10:46:30.000Z
46,aave,aave,Aave,https://coin-images.coingecko.com/coins/images/12645/large/aave-token-round.png?1720472354,130.97,2020487334,46,2095470126,197351711.0,135.4,130.38,-3.3039344630198855,-2.44983,-50989322.885552645,-2.4615,15427467.534597551,16000000.0,16000000.0,661.69,-80.20688,2021-05-18T13:19:59.000Z,26.02,403.27916,2020-11-05T01:20:11.000Z,,2026-09-08T10:46:30.000Z
47,pax-gold,paxg,PAX Gold,https://coin-images.coingecko.com/coins/images/9519/large/asset-paxg.png?1785284785,4397.61,1902002671,47,1902002671,99920248.0,4440.78,4384.72,1.95,0.05949,865081.0,0.0455,432503.322051,432503.322051,,5619.09,-21.738,2026-01-28T22:30:56.000Z,1399.64,214.19564,2019-11-17T19:09:35.000Z,,2026-09-08T10:46:30.000Z
48,ondo-finance,ondo,Ondo,https://coin-images.coingecko.com/coins/images/26580/large/ONDO.png?1696525656,0.379398,1847625037,48,3794412767,127592603.0,0.393274,0.373128,-0.008240232334462583,-2.16233,-39916082.864067554,-2.11471,4869330647.0,10000000000.0,10000000000.0,2.14,-82.27239,2024-12-15T16:36:00.000Z,0.082171,361.71829,2024-01-18T04:14:30.000Z,,2026-09-08T10:46:30.000Z
49,polkadot,dot,Polkadot,https://coin-images.coingecko.com/coins/images/12171/large/polkadot.jpg?1766533446,1.082,1840563867,49,1840574724,370335123.0,1.11,0.977826,0.09794,9.96472,166894433.0,9.97177,1701779675.50471,1701797285.64261,2100000000.0,54.98,-98.03287,2021-11-04T06:10:09.000Z,0.727004,48.76268,2026-08-18T02:57:10.000Z,,2026-09-08T10:46:30.000Z
50,world-liberty-financial,wlfi,World Liberty Financial,https://coin-images.coingecko.com/coins/images/50767/large/wlfi.png?1756438915,0.056115,1782919778,50,5610704865,26958372.0,0.057353,0.055789,-0.00062318170716865,-1.04654,-20062055.475044966,-1.11272,31777108594.0,100000000000.0,100000000000.0,0.331336,-83.06395,2025-09-01T04:20:09.000Z,0.050799,10.46565,2026-08-09T02:00:00.000Z,,2026-09-08T10:46:30.000Z
51,worldcoin-wld,wld,Worldcoin,https://coin-images.coingecko.com/coins/images/31069/large/worldcoin.jpeg?1696529903,0.480115,1765690082,51,4801622878,431247630.0,0.50505,0.443279,0.02643029,5.59347,115866056.0,7.02293,3677277718.080173,10000000000.0,10000000000.0,11.74,-95.91065,2024-03-09T16:10:42.000Z,0.229961,108.78082,2026-05-18T15:06:00.000Z,,2026-09-08T10:46:30.000Z
52,pump-fun,pump,Pump.fun,https://coin-images.coingecko.com/coins/images/67164/large/pump.jpg?1751949376,0.00435313,1719632692,52,3635706322,312401981.0,0.00463128,0.00413436,2.168e-05,0.78105,7930689.0,0.46332,395012828002.6834,835145298888.7725,1000000000000.0,0.00881908,-50.63965,2025-09-14T08:42:40.000Z,0.00115473,276.98382,2026-06-25T17:04:20.000Z,,2026-09-08T10:46:30.000Z
53,internet-computer,icp,Internet Computer,https://coin-images.coingecko.com/coins/images/14495/large/Internet_Computer_logo.png?1696514180,3.03,1685987468,53,1685987817,117649501.0,3.12,2.88,0.02552653,0.87947,14165583.0,0.84731,556249791.0033374,556249924.663738,,700.65,-99.56739,2021-05-10T08:05:53.000Z,2.0,51.35165,2026-08-01T20:31:10.000Z,,2026-09-08T10:46:30.000Z
54,morpho,morpho,Morpho,https://coin-images.coingecko.com/coins/images/29837/large/Morpho-token-icon.png?1726771230,2.42,1664169833,54,2416105638,35599150.0,2.57,2.39,-0.15446481269676093,-5.95136,-106322808.4504261,-6.00527,688781900.2874078,1000000000.0,1000000000.0,4.17,-42.06392,2025-01-17T04:46:19.000Z,0.713151,238.81819,2024-11-24T17:55:43.000Z,,2026-09-08T10:46:30.000Z
55,ethena,ena,Ethena,https://coin-images.coingecko.com/coins/images/36530/large/ethena.png?1711701436,0.162874,1644373206,55,2443272368,402277851.0,0.17165,0.161528,-0.007931625382510632,-4.61313,-79964114.53629112,-4.63738,10095312500.0,15000000000.0,15000000000.0,1.52,-89.26837,2024-04-11T05:15:15.000Z,0.070228,131.92031,2026-06-30T15:44:00.000Z,,2026-09-08T10:46:30.000Z
56,sky,sky,Sky,https://coin-images.coingecko.com/coins/images/39925/large/sky.jpg?1724827980,0.067914,1590764739,56,1593061834,8657014.0,0.069593,0.06735,-0.000372939861157481,-0.56097,-8688461.522009611,-0.54321,23428833460.579952,23462665147.36596,23462665147.3,0.100535,-32.4473,2024-12-04T02:13:57.000Z,0.03582727,89.56025,2025-02-02T21:01:48.000Z,,2026-09-08T10:46:30.000Z
57,pepe,pepe,Pepe,https://coin-images.coingecko.com/coins/images/29850/large/pepe-token.jpeg?1696528776,3.62e-06,1524318786,57,1524318786,204619850.0,3.7e-06,3.55e-06,2.3483e-08,0.56362,9740244.0,0.6431,420690000000000.0,420690000000000.0,420690000000000.0,2.803e-05,-87.0712,2024-12-09T08:30:35.000Z,5.5142e-08,6471.5476,2023-04-17T18:14:41.000Z,,2026-09-08T10:46:30.000Z
58,htx-dao,htx,HTX DAO,https://coin-images.coingecko.com/coins/images/35491/large/Frame_1321318576.png?1708908626,1.7e-06,1523831479,58,1523831479,38907499.0,1.69e-06,1.67e-06,1.3334e-08,0.80639,11996021.0,0.79347,898232728634017.2,898232728634017.2,999990000000000.0,3.75e-06,-54.77921,2024-12-03T16:16:20.000Z,8.00816e-07,111.84098,2024-08-05T05:31:33.000Z,,2026-09-08T10:46:30.000Z
59,usdd,usdd,USDD,https://coin-images.coingecko.com/coins/images/25380/large/UUSD.jpg?1696524513,0.998794,1461222458,59,1462258895,3354784.0,0.999734,0.998828,-0.000594028939125302,-0.08484,-3609803.176845312,-0.24643,1462969532.0,1463337098.0,,1.24,-19.59531,2026-07-09T09:35:10.000Z,0.928067,7.62083,2022-06-19T08:15:11.000Z,,2026-09-08T10:46:30.000Z
60,bitget-token,bgb,Bitget Token,https://coin-images.coingecko.com/coins/images/11610/large/Bitget_logo.png?1736925727,2.0,1401061926,60,1823244410,11494544.0,2.06,1.97,-0.03427742151639901,-1.68725,-23985739.940515995,-1.68315,699992029.6481038,910920874.6481038,2000000000.0,8.45,-76.31419,2024-12-27T03:41:24.000Z,0.0142795,13916.7906,2020-06-24T20:17:05.000Z,,2026-09-08T10:46:30.000Z
61,usdgo,usdgo,USDGO,https://coin-images.coingecko.com/coins/images/102172077/large/USDGO_%287%29.png?1771437018,1.0,1365720166,61,1365720166,44887306.0,1.0,1.0,0.0001437,0.00523,-4810857.757812977,-0.35102,1365454412.77,1365454412.77,,1.002,-0.22044,2026-03-11T00:04:22.000Z,0.999259,0.09414,2026-05-13T20:34:00.000Z,,2026-09-08T10:46:30.000Z
62,falcon-finance,usdf,Falcon USD,https://coin-images.coingecko.com/coins/images/54558/large/ff_200_X_200.png?1740741076,0.99657,1339941467,62,1339941467,289189.0,1.01,0.982128,-0.000542816088978881,-0.06003,-260984.4324760437,-0.01947,1344097428.497996,1344097428.497996,,1.075,-7.25978,2025-05-08T13:25:42.000Z,0.943422,5.6335,2025-07-08T02:16:34.000Z,,2026-09-08T10:46:30.000Z
63,bfusd,bfusd,BFUSD,https://coin-images.coingecko.com/coins/images/68227/large/bfusd.png?1755132827,0.99958,1319462373,63,1319462373,2078310.0,0.999915,0.999539,-0.000184531636487018,-0.01866,-227444.7360458374,-0.01723,1320000000.0,1320000000.0,,1.007,-0.72935,2025-10-10T13:40:40.000Z,0.996931,0.26578,2026-07-29T19:14:40.000Z,,2026-09-08T10:46:30.000Z
64,ethereum-classic,etc,Ethereum Classic,https://coin-images.coingecko.com/coins/images/453/large/ethereum-classic-logo.png?1696501717,8.21,1298415377,64,1298415377,66678381.0,8.28,7.74,0.446717,5.73032,70329978.0,5.7268,158100715.330453,158100715.330453,210700000.0,167.09,-95.08337,2021-05-06T10:34:22.000Z,0.615038,1235.68552,2016-07-24T16:00:00.000Z,"{'times': 17.27638180911301, 'currency': 'usd', 'percentage': 1727.6381809113009}",2026-09-08T10:46:30.000Z
65,united-stables,u,United Stables,https://coin-images.coingecko.com/coins/images/71157/large/united-stables-logo.jpg?1766061640,0.999084,1291726225,65,1291726225,153769525.0,0.999388,0.998967,-0.000223683198954272,-0.02347,22106106.0,1.74116,1292999307.8,1292999307.8,,1.008,-0.86274,2026-02-05T13:06:07.000Z,0.968158,3.19435,2025-12-20T16:47:20.000Z,,2026-09-08T10:46:30.000Z
66,spiko-amundi-overnight-swap-fund-eur,eursafo,Spiko Amundi Overnight Swap Fund (EUR),https://coin-images.coingecko.com/coins/images/102172591/large/Fund_eurSAF0.png?1774104814,1.18,1244079937,66,1244079937,0.0,1.18,1.18,-0.001206918314813121,-0.1026,14025828.0,1.14026,1058697287.79565,1058697287.79565,,1.18,-0.73141,2026-08-21T11:35:00.000Z,1.15,1.8198,2026-07-30T07:40:10.000Z,,2026-09-08T10:46:30.000Z
67,bitway,btw,Bitway,https://coin-images.coingecko.com/coins/images/71205/large/BTW_Token_200x200.png?1786291907,0.449011,1216059524,67,4490382698,11224597.0,0.46165,0.442789,-0.029561504320597176,-6.034,-79981719.48304963,-6.17123,2708142280.000001,10000000000.0,10000000000.0,0.745279,-39.75269,2026-08-19T09:36:00.000Z,0.00911805,4824.4147,2026-03-03T06:55:24.000Z,,2026-09-08T10:46:30.000Z
68,lighter,lit,Lighter,https://coin-images.coingecko.com/coins/images/71121/large/lighter.png?1765888098,4.74,1184692623,68,4738770492,124418675.0,4.86,4.38,0.255122,5.72628,63541412.0,5.66751,250000000.0,1000000000.0,1000000000.0,7.86,-39.69661,2025-12-30T01:05:21.000Z,0.779399,508.12605,2026-03-31T09:55:00.000Z,,2026-09-08T10:46:30.000Z
69,arbitrum,arb,Arbitrum,https://coin-images.coingecko.com/coins/images/16547/large/arb.jpg?1721358242,0.174932,1168264326,69,1749402579,358377892.0,0.176806,0.160843,0.00855936,5.05464,57212176.0,5.14937,6678075931.0,10000000000.0,10000000000.0,2.39,-92.68152,2024-01-12T04:29:59.000Z,0.07048,148.20186,2026-06-26T13:20:40.000Z,,2026-09-08T10:46:30.000Z
70,pi-network,pi,Pi Network,https://coin-images.coingecko.com/coins/images/54342/large/pi_network.jpg?1739347576,0.096248,1072394415,70,1649837561,4342241.0,0.09633,0.093662,0.00233853,2.47938,26083888.0,2.49294,11141680597.248924,17141047072.69065,100000000000.0,2.99,-96.77843,2025-02-26T08:41:03.000Z,0.070586,36.35566,2026-07-14T02:37:30.000Z,,2026-09-08T10:46:30.000Z
71,polygon-ecosystem-token,pol,POL (ex-MATIC),https://coin-images.coingecko.com/coins/images/32440/large/pol.png?1759114181,0.096793,1037367040,71,1037367040,46618363.0,0.097744,0.094596,-0.000659812442823926,-0.69536,-6354206.339957833,-0.6088,10710616938.28008,10710616938.28008,,1.29,-92.48247,2024-03-13T10:55:06.000Z,0.067711,42.94984,2026-07-01T01:13:30.000Z,,2026-09-08T10:46:30.000Z
72,gatechain-token,gt,Gate,https://coin-images.coingecko.com/coins/images/8183/large/200X200.png?1735246724,9.11,970984899,72,1082555477,1958590.0,9.45,8.92,0.150202,1.04602,15897955.0,1.66456,106620789.35695371,118872055.05835132,142622844.0,25.38,-64.11551,2025-01-25T16:00:00.000Z,0.25754,3436.57024,2020-03-12T18:18:02.000Z,,2026-09-08T10:46:30.000Z
73,quant-network,qnt,Quant,https://coin-images.coingecko.com/coins/images/3370/large/5ZOu7brX_400x400.jpg?1696504070,66.76,970956545,73,975517318,16060530.0,67.58,65.11,1.35,2.04178,19656270.0,2.06625,14544176.164081175,14612493.0,14612493.0,427.42,-84.38126,2021-09-11T01:15:00.000Z,0.215773,30838.94461,2018-08-22T16:00:00.000Z,"{'times': 10.559086532770074, 'currency': 'eth', 'percentage': 1055.9086532770073}",2026-09-08T10:46:30.000Z
74,blockchain-capital,bcap,Blockchain Capital,https://coin-images.coingecko.com/coins/images/56040/large/bcap_logo_200.png?1748088291,106.22,967888430,74,967888430,0.0,106.22,106.22,0.0,0.0,0.0,0.0,9112111.0,9112111.0,,106.25,-0.02824,2026-08-24T22:25:00.000Z,17.76,498.08559,2025-06-02T12:50:02.000Z,,2026-09-08T10:46:30.000Z
75,kaspa,kas,Kaspa,https://coin-images.coingecko.com/coins/images/25751/large/kaspa-icon-exchanges.png?1696524837,0.0347787,962714930,75,962759800,38535202.0,0.03746506,0.03387269,-0.000250019329944,-0.89631,-7101725.564444184,-0.73228,27686994077.202873,27688390193.45165,28704026601.0,0.207411,-83.23199,2024-07-31T16:40:47.000Z,0.00017105,20232.52126,2022-05-26T06:42:59.000Z,,2026-09-08T10:46:30.000Z
76,kucoin-shares,kcs,KuCoin,https://coin-images.coingecko.com/coins/images/1047/large/sa9z79.png?1696502152,7.0,959753244,76,994741144,2678441.0,7.09,6.98,-0.08226296458517979,-1.18636,-11279934.885968447,-1.16164,137155021.2773955,142155021.2773955,,28.83,-75.72811,2021-12-01T07:09:35.000Z,0.342863,1940.91947,2019-02-06T16:00:00.000Z,,2026-09-08T10:46:30.000Z
77,eutbl,eutbl,Spiko EU T-Bills Money Market Fund,https://coin-images.coingecko.com/coins/images/39657/large/EUTBL.png?1723517425,1.23,899542956,77,899542956,0.0,1.23,1.23,-0.001401009488440907,-0.11389,16230615.0,1.83747,732054784.70682,718062998.98619,,1.26,-2.55551,2026-01-27T13:00:08.000Z,1.011,21.5498,2024-08-15T01:45:23.000Z,,2026-09-08T10:46:30.000Z
78,cosmos,atom,Cosmos Hub,https://coin-images.coingecko.com/coins/images/1481/large/cosmos_hub.png?1696502525,1.68,888924106,78,888930141,44481805.0,1.69,1.61,0.058339,3.5136,31295524.0,3.64908,529532103.659342,529545463.582078,,43.84,-96.17177,2021-09-19T16:00:00.000Z,1.16,44.69091,2020-03-12T18:27:44.000Z,"{'times': 15.78033711301141, 'currency': 'usd', 'percentage': 1578.033711301141}",2026-09-08T10:46:30.000Z
79,algorand,algo,Algorand,https://coin-images.coingecko.com/coins/images/4380/large/download.png?1696504978,0.097894,884753397,79,884767541,42789109.0,0.099744,0.094654,0.00344303,3.62271,30985431.0,3.62926,9039379355.062675,9039534271.278168,10000000000.0,3.56,-97.25107,2019-06-20T06:51:19.000Z,0.075732,29.26323,2026-07-29T20:10:10.000Z,"{'times': -0.9592197209651003, 'currency': 'usd', 'percentage': -95.92197209651003}",2026-09-08T10:46:30.000Z
80,venice-token,vvv,Venice Token,https://coin-images.coingecko.com/coins/images/54023/large/VVV_Token_Transparent.png?1741856877,18.16,868014278,80,1469823201,29887725.0,19.05,17.05,1.13,6.47859,54588545.0,6.71094,47808158.44340144,80965477.79958121,,22.58,-19.60228,2025-01-27T16:06:36.000Z,0.91975,1874.20796,2025-12-01T10:55:48.000Z,,2026-09-08T10:46:30.000Z
81,just,jst,JUST,https://coin-images.coingecko.com/coins/images/11095/large/JUST.jpg?1696511035,0.103628,848451659,81,848451659,40545912.0,0.1091,0.102233,-0.005510603484410556,-5.05984,-45258558.0551275,-5.06412,8188743036.341737,8188743036.341737,9900000000.0,0.193254,-46.37721,2021-04-04T20:34:23.000Z,0.00476275,2075.80876,2020-05-08T22:08:54.000Z,,2026-09-08T10:46:30.000Z
82,nexo,nexo,NEXO,https://coin-images.coingecko.com/coins/images/3695/large/CG-nexo-token-200x200_2x.png?1730414360,0.827602,827679788,82,827679788,2575004.0,0.837777,0.821823,0.00299336,0.4435,3070919.0,0.37241,1000000000.0,1000000000.0,1000000000.0,4.07,-79.65565,2021-05-12T06:37:47.000Z,0.04515276,1732.89393,2018-09-12T16:00:00.000Z,"{'times': 7.282725639239676, 'currency': 'usd', 'percentage': 728.2725639239676}",2026-09-08T10:46:30.000Z
83,jupiter-exchange-solana,jup,Jupiter,https://coin-images.coingecko.com/coins/images/34188/large/jup.png?1704266489,0.243664,809034035,83,1672113579,72647693.0,0.260371,0.241368,-0.014760824093659003,-5.70594,-49017607.77640772,-5.71266,3320312968.08,6862431199.193432,10000000000.0,2.0,-87.81687,2024-01-31T07:02:47.000Z,0.135801,79.42744,2026-02-12T10:35:44.000Z,,2026-09-08T10:46:30.000Z
84,dash,dash,Dash,https://coin-images.coingecko.com/coins/images/19/large/dash-logo.png?1696501423,62.51,802249556,84,802287529,176575465.0,68.41,61.7,-6.077949584335293,-8.8948,-77683430.52156007,-8.82833,12829284.03142109,12829759.82602325,18920000.0,1493.59,-95.81481,2017-12-19T16:00:00.000Z,0.213899,29123.8807,2014-02-13T16:00:00.000Z,,2026-09-08T10:46:30.000Z
85,janus-henderson-anemoy-treasury-fund,jtrsy,Janus Henderson Anemoy Treasury Fund,https://coin-images.coingecko.com/coins/images/70445/large/JTRSY.png?1762078582,1.12,799656136,85,799656136,0.0,1.12,1.12,0.0,0.0,0.999999,0.0,717141157.676881,717141157.676881,,1.12,0.0,2026-09-04T07:25:10.000Z,1.085,2.79229,2025-11-12T20:05:05.000Z,,2026-09-08T10:46:30.000Z
86,render-token,render,Render,https://coin-images.coingecko.com/coins/images/11636/large/rndr.png?1696511529,1.52,789901505,86,812375888,51276620.0,1.6,1.51,-0.02050713431877549,-1.29466,-10654836.08717537,-1.33093,518772101.28269154,533532274.5626915,644245094.0,13.53,-88.74989,2024-03-17T08:30:24.000Z,0.03665669,4053.86186,2020-06-16T05:22:25.000Z,,2026-09-08T10:46:30.000Z
87,superstate-short-duration-us-government-securities-fund-ustb,ustb,Invesco Short Duration US Government Securities Fund,https://coin-images.coingecko.com/coins/images/35012/large/Invesco_icon_lg.png?1780816895,11.2,774763191,87,774763191,0.0,11.2,11.2,0.0,0.0,-693820.697480917,-0.08947,69172215.398465,69160197.945647,,11.2,0.0,2026-09-04T13:25:00.000Z,10.29,8.84038,2025-02-26T01:55:09.000Z,,2026-09-08T10:46:30.000Z
88,stable-2,stable,​​Stable,https://coin-images.coingecko.com/coins/images/69242/large/stable-logotype-framed-square-light.png?1762753913,0.02896887,756690123,88,2895725002,8102739.0,0.02958207,0.02859576,0.00026537,0.93696,7469152.0,0.99692,26131283950.0,100000000000.0,100000000000.0,0.04323745,-33.00051,2026-05-14T23:31:00.000Z,0.0092214,214.14837,2025-12-23T21:49:32.000Z,,2026-09-08T10:46:30.000Z
89,pancakeswap-token,cake,PancakeSwap,https://coin-images.coingecko.com/coins/images/12632/large/pancakeswap-cake-logo_%281%29.png?1696512440,2.33,745946933,89,773149763,139752641.0,2.42,2.2,0.119074,5.41576,38451622.0,5.43489,320181154.65768,331857365.1958355,400000000.0,43.96,-94.70313,2021-04-30T02:08:22.000Z,0.194441,1097.66682,2020-11-03T06:29:34.000Z,,2026-09-08T10:46:30.000Z
90,janus-henderson-anemoy-aaa-clo-fund,jaaa,Janus Henderson Anemoy AAA CLO Fund,https://coin-images.coingecko.com/coins/images/70446/large/jaaa.png?1762078666,1.048,710966727,90,710966727,0.0,1.048,1.048,0.0,0.0,0.0,0.0,678300455.183658,678300455.183658,,1.048,0.0,2026-09-04T07:25:10.000Z,1.009,3.83086,2025-12-06T06:10:05.000Z,,2026-09-08T10:46:30.000Z
91,filecoin,fil,Filecoin,https://coin-images.coingecko.com/coins/images/12817/large/filecoin.png?1696512609,0.858898,710308669,91,1680844911,140252064.0,0.879952,0.815207,0.04057566,4.98393,33581748.0,4.96238,827044842.0,1957083841.0,,236.84,-99.63735,2021-04-01T05:29:41.000Z,0.612413,40.24809,2026-08-18T03:52:30.000Z,,2026-09-08T10:46:30.000Z
92,gho,gho,GHO,https://coin-images.coingecko.com/coins/images/30663/large/gho-token-logo.png?1720517092,0.998652,698066494,92,698066494,3724355.0,0.999134,0.99866,-0.00043980345902106,-0.04423,-298431.9365013838,-0.04273,699000000.0,699000000.0,,1.03,-3.02869,2024-02-28T09:15:58.000Z,0.917065,8.89644,2023-10-23T20:41:04.000Z,,2026-09-08T10:46:30.000Z
93,vechain,vet,VeChain,https://coin-images.coingecko.com/coins/images/1167/large/VET.png?1742383283,0.00790329,678540062,93,678540062,11961600.0,0.00772207,0.00704906,0.00079216,11.21429,67089615.0,10.97221,85985041177.0,85985041177.0,86712634466.0,0.280991,-97.18735,2021-04-18T17:08:21.000Z,0.00191713,312.24505,2020-03-12T18:29:59.000Z,"{'times': 0.11248051204411345, 'currency': 'eth', 'percentage': 11.248051204411345}",2026-09-08T10:46:30.000Z
94,aerodrome-finance,aero,Aerodrome Finance,https://coin-images.coingecko.com/coins/images/31745/large/token.png?1696530564,0.642878,634349654,94,1268971377,177490505.0,0.672887,0.534849,0.103689,19.34996,102328432.0,19.2339,986630964.594061,1973685089.485853,,2.32,-72.25308,2024-12-07T06:00:38.000Z,1.861e-05,3454385.11857,2023-10-16T17:23:50.000Z,,2026-09-08T10:46:30.000Z
95,injective-protocol,inj,Injective,https://coin-images.coingecko.com/coins/images/12882/large/Other_200x200.png?1738782212,6.25,624512089,95,624512089,233380934.0,6.69,5.6,0.553594,9.87253,55310867.0,9.71728,100000000.0,100000000.0,,52.62,-88.13089,2024-03-14T07:06:22.000Z,0.657401,850.04539,2020-11-03T08:19:30.000Z,,2026-09-08T10:46:30.000Z
96,official-trump,trump,Official Trump,https://coin-images.coingecko.com/coins/images/53746/large/trump.png?1737171561,2.27,619265191,96,2267231895,187630059.0,2.33,2.24,-0.011181196752773293,-0.47796,-3146309.112817049,-0.5055,273137120.287634,1000000000.0,1000000000.0,73.43,-96.91194,2025-01-19T03:50:34.000Z,1.37,65.48837,2026-08-13T18:40:30.000Z,,2026-09-08T10:46:30.000Z
97,beldex,bdx,Beldex,https://coin-images.coingecko.com/coins/images/5111/large/Beldex.png?1696505631,0.07771,611626584,97,772405069,10999935.0,0.079171,0.077528,-0.000800740773166345,-1.06948,-6295167.576426983,-1.01876,7870569339.565029,9939509407.987087,,0.450785,-82.7612,2018-12-16T16:00:00.000Z,0.00027519,28139.0852,2019-11-01T03:05:12.000Z,"{'times': -0.6894284115450982, 'currency': 'usd', 'percentage': -68.94284115450982}",2026-09-08T10:46:30.000Z
98,xdce-crowd-sale,xdc,XDC Network,https://coin-images.coingecko.com/coins/images/2912/large/xdc-icon.png?1696503661,0.02898332,578165056,98,1103353562,7305587.0,0.02977162,0.0288018,-0.000798345809290352,-2.74002,-15880488.489622474,-2.67328,19946688440.0,38065686425.1,,0.192754,-84.96358,2021-08-20T20:39:48.000Z,0.00039532,7231.64344,2019-07-21T16:00:00.000Z,"{'times': 0.5529974415539096, 'currency': 'eth', 'percentage': 55.29974415539096}",2026-09-08T10:46:30.000Z
99,ether-fi,ethfi,Ether.fi,https://coin-images.coingecko.com/coins/images/35958/large/etherfi.jpeg?1710254562,0.592432,571926334,99,571926334,56187791.0,0.604093,0.571131,0.00282626,0.36982,2750147.0,0.48318,965350000.0,965350000.0,1000000000.0,8.53,-93.05383,2024-03-27T15:14:46.000Z,0.26653,122.27604,2026-06-05T19:19:15.000Z,,2026-09-08T10:46:30.000Z
