,Unnamed: 0,Id,Symbol,Name,Image,Current_Price,Market_Cap,Market_Cap_Rank,Fully_Diluted_Valuation,Total_Volume,High_24H,Low_24H,Price_Change_24H,Price_Change_Percentage_24H,Market_Cap_Change_24H,Market_Cap_Change_Percentage_24H,Circulating_Supply,Total_Supply,Max_Supply,Ath,Ath_Change_Percentage,Ath_Date,Atl,Atl_Change_Percentage,Atl_Date,Last_Updated
0,0,Bitcoin,Btc,Bitcoin,['https://coin-images.coingecko.com/coins/images/1/large/bitcoin.png?1696501400'],76869.0,1543780270779,1,1543789572409,34152452226.0,79351.0,76748.0,-2710.455693790631,-3.39912,-54330931863.75049,-3.3997,20082225.0,20082365.0,21000000.0,126080.0,-39.03115,2025-10-06 10:57:42+00:00,67.81,113261.74167,2013-07-05 16:00:00+00:00,2026-09-10T13:27:20.000Z
1,1,Ethereum,Eth,Ethereum,['https://coin-images.coingecko.com/coins/images/279/large/ethereum.png?1696501628'],2417.76,295019194043,2,295019194043,13585995467.0,2513.05,2413.62,-96.6624874395302,-3.82867,-11822726937.993408,-3.85304,122035556.78650354,122035556.7865035,6219316794.89,4946.05,-51.11726,2025-08-24 11:21:03+00:00,0.432979,558302.37467,2015-10-19 16:00:00+00:00,2026-09-10T13:27:20.000Z
2,2,Tether,Usdt,Tether,['https://coin-images.coingecko.com/coins/images/325/large/Tether.png?1696501661'],0.999689,183399747382,3,188864872668,57650362193.0,0.999919,0.999558,-0.0001150828437326,-0.00998,-24556141.21444702,-0.01339,183460843383.6048,188927789268.3162,6219316794.89,1.32,-24.44314,2018-07-23 16:00:00+00:00,0.572521,74.61181,2015-03-01 16:00:00+00:00,2026-09-10T13:27:20.000Z
3,3,Binancecoin,Bnb,Bnb,['https://coin-images.coingecko.com/coins/images/825/large/bnb-icon2_2x.png?1696501970'],706.52,94081938222,4,94081937558,1262140120.0,746.28,704.86,-43.968827136778486,-5.86875,-5853884267.965759,-5.85764,133161225.51,133161220.23,200000000.0,1369.99,-48.42904,2025-10-13 00:41:24+00:00,0.0398177,1774281.44411,2017-10-18 16:00:00+00:00,2026-09-10T13:27:20.000Z
4,4,Ripple,Xrp,Xrp,['https://coin-images.coingecko.com/coins/images/44/large/xrp-symbol-white-128.png?1696501442'],1.36,85090865143,5,135595357428,2406497456.0,1.43,1.35,-0.0791529634792003,-5.51561,-4968139705.053268,-5.51654,62744504852.0,99985627691.0,100000000000.0,3.65,-62.80759,2025-07-17 19:40:53+00:00,0.00268621,50386.65894,2014-05-21 16:00:00+00:00,2026-09-10T13:27:20.000Z
5,5,Usd-Coin,Usdc,Usdc,['https://coin-images.coingecko.com/coins/images/6319/large/USDC.png?1769615602'],0.999729,74294024258,6,74295553599,16283054604.0,1.0,0.999698,-0.0001710727607306,-0.0154,-28124140.17791748,-0.03784,74315470373.78728,74331256693.94714,6219316794.89,1.043,-4.19136,2018-11-14 16:00:00+00:00,0.877647,13.91022,2023-03-11 00:02:13+00:00,2026-09-10T13:27:20.000Z
6,6,Solana,Sol,Solana,['https://coin-images.coingecko.com/coins/images/4128/large/solana.png?1718769756'],99.4,58279078429,7,62999894326,3474521512.0,104.12,98.9,-5.139863338806535,-4.90343,-3007719653.0641403,-4.90761,586335632.9426919,633830911.2985152,6219316794.89,293.31,-66.11099,2025-01-19 03:15:27+00:00,0.500801,19748.29938,2020-05-11 11:35:23+00:00,2026-09-10T13:27:20.000Z
7,7,Tron,Trx,Tron,['https://coin-images.coingecko.com/coins/images/1094/large/photo_2026-04-13_09-59-16.png?1776048311'],0.338163,32108021382,8,32108030196,386070975.0,0.340659,0.338005,-0.0005791054244533,-0.18898,-52846147.91162109,-0.16432,94943377255.8278,94943389284.71848,6219316794.89,0.431288,-21.59236,2024-12-03 16:10:40+00:00,0.00180434,18641.62998,2017-11-11 16:00:00+00:00,2026-09-10T13:27:20.000Z
8,8,Figure-Heloc,Figr_Heloc,Figure Heloc,['https://coin-images.coingecko.com/coins/images/68480/large/figure.png?1755863954'],1.027,22977477871,9,22977477871,115171089.0,1.042,1.019,-0.0083312504920847,-0.80651,-94421392.2892418,-0.40925,22379027660.478,22379027660.478,6219316794.89,1.061,-3.18875,2026-08-03 14:19:20+00:00,0.155357,560.87884,2025-10-31 06:27:24+00:00,2026-09-10T13:27:20.000Z
9,9,Zcash,Zec,Zcash,['https://coin-images.coingecko.com/coins/images/486/large/Brandmark-Yellow_%281%29.png?1785810558'],1174.12,19885889479,10,19889315802,1377712454.0,1293.92,1188.47,-90.49896540877694,-7.22041,-1513827850.252407,-7.07406,16921867.3530448,16924839.2280448,21000000.0,3191.93,-63.21598,2016-10-28 16:00:00+00:00,16.08,7201.68188,2024-07-04 20:22:29+00:00,2026-09-10T13:27:20.000Z
10,10,Hyperliquid,Hype,Hyperliquid,['https://coin-images.coingecko.com/coins/images/50882/large/hyperliquid.jpg?1729431300'],81.09,18036831345,11,77460304174,1321535350.0,86.99,80.34,-5.605079227248268,-6.4161,-1248164099.7930143,-6.4722,222445714.07414135,955307079.4341414,1000000000.0,89.6,-9.49757,2026-09-06 12:28:40+00:00,3.81,2029.0564,2024-11-29 01:30:30+00:00,2026-09-10T13:27:20.000Z
11,11,Dogecoin,Doge,Dogecoin,['https://coin-images.coingecko.com/coins/images/5/large/dogecoin.png?1696501409'],0.083634,13029160774,12,13029246043,945647801.0,0.090523,0.083463,-0.0075540123531016,-8.28364,-1181960815.213123,-8.31715,155856586383.7052,171569863126.5791,6219316794.89,0.731578,-88.568,2021-05-07 21:08:23+00:00,8.69e-05,96137.52299,2015-05-05 16:00:00+00:00,2026-09-10T13:27:20.000Z
12,12,Rain,Rain,Rain,['https://coin-images.coingecko.com/coins/images/69134/large/Rain_logo_1_.png?1762952191'],0.0158577,11244080062,13,18112104902,30442537.0,0.01646211,0.01579631,-0.0005247355218378,-3.16595,-374543013.5449944,-3.22364,709212596238.4149,1142408526965.963,1150000000000.0,0.01946402,-18.52818,2026-08-25 19:53:00+00:00,0.00222126,613.90574,2025-09-14 00:56:57+00:00,2026-09-10T13:27:20.000Z
13,13,Usds,Usds,Usds,['https://coin-images.coingecko.com/coins/images/39926/large/usds.webp?1726666683'],0.99982,9855532483,14,9864982495,152958451.0,1.0,0.999687,-0.0001306220346762,-0.00201,31243464.0,0.31802,9857520169.204882,9838691287.558218,6219316794.89,1.057,-5.43846,2024-10-28 21:40:51+00:00,0.948265,5.43677,2024-10-03 05:19:28+00:00,2026-09-10T13:27:20.000Z
14,14,Monero,Xmr,Monero,['https://coin-images.coingecko.com/coins/images/69/large/monero_logo.png?1696501460'],502.71,9437409909,15,9437414125,142179940.0,518.34,498.54,3.76,0.68701,55956549.0,0.59646,18802821.25212499,18802833.85203534,6219316794.89,797.73,-36.98311,2026-01-14 11:34:07+00:00,0.216177,232444.81084,2015-01-13 16:00:00+00:00,2026-09-10T13:27:20.000Z
15,15,Whitebit,Wbt,Whitebit Coin,['https://coin-images.coingecko.com/coins/images/27045/large/wbt_token.png?1696526096'],79.34,9350661300,16,23283606322,108435650.0,81.99,79.22,-2.9069287478546078,-3.52407,-347467240.80784416,-3.58283,117882016.0,293532015.0,400000000.0,82.52,-3.85837,2026-09-09 00:48:20+00:00,3.06,2491.25659,2023-02-13 11:01:21+00:00,2026-09-10T13:27:20.000Z
16,16,Chainlink,Link,Chainlink,['https://coin-images.coingecko.com/coins/images/877/large/Chainlink_Logo_500.png?1760023405'],11.67,8732590784,17,11673026506,4027997415.0,12.15,11.6,-0.5381755019183387,-4.35004,-402583782.6261921,-4.40696,748099970.424884,1000000000.0,1000000000.0,52.7,-77.84859,2021-05-09 16:13:57+00:00,0.148183,7777.43792,2017-11-28 16:00:00+00:00,2026-09-10T13:27:20.000Z
17,17,Leo-Token,Leo,Leo Token,['https://coin-images.coingecko.com/coins/images/8418/large/leo-token.png?1696508607'],9.18,8447958234,18,9048422170,103636.0,9.23,9.17,-0.0091110099061015,-0.0348,-8319232.175162315,-0.09838,919857851.9,985239504.0,6219316794.89,10.61,-13.46708,2026-05-04 09:35:00+00:00,0.799859,1048.19153,2019-12-24 07:14:35+00:00,2026-09-10T13:27:20.000Z
18,18,Cardano,Ada,Cardano,['https://coin-images.coingecko.com/coins/images/975/large/cardano.png?1696502090'],0.209835,7871290286,19,9442908750,462172278.0,0.219716,0.208156,-0.0112143858949857,-5.03881,-420370110.594182,-5.06979,37510482444.2993,45000000000.0,45000000000.0,3.09,-93.20244,2021-09-01 22:00:10+00:00,0.01925275,989.89522,2020-03-12 18:22:55+00:00,2026-09-10T13:27:20.000Z
19,19,Stellar,Xlm,Stellar,['https://coin-images.coingecko.com/coins/images/100/large/fmpFRHHQ_400x400.jpg?1735231350'],0.177265,6168073836,20,8860686764,177475184.0,0.188573,0.176372,-0.0121043960911211,-6.42413,-422639326.3460913,-6.41265,34807089044.92414,50001786839.70248,6219316794.89,0.875563,-79.75419,2018-01-02 16:00:00+00:00,0.00047612,37130.85225,2015-03-04 16:00:00+00:00,2026-09-10T13:27:20.000Z
20,20,Bitcoin-Cash,Bch,Bitcoin Cash,['https://coin-images.coingecko.com/coins/images/780/large/bitcoin-cash-circle.png?1696501932'],230.08,4620214173,21,4620285332,240408727.0,259.1,238.03,-29.90268411409812,-11.43613,-601894606.3165588,-11.52589,20087203.02165078,20087540.52165078,21000000.0,3785.82,-93.9227,2017-12-19 16:00:00+00:00,76.93,199.05281,2018-12-15 16:00:00+00:00,2026-09-10T13:27:20.000Z
21,21,Dai,Dai,Dai,['https://coin-images.coingecko.com/coins/images/9956/large/Badge_Dai.png?1696509996'],1.0,4594324910,22,4594324910,286425661.0,1.0,0.9997,5.839e-05,0.00744,20925451.0,0.45755,4595256677.058527,4586939586.962975,6219316794.89,1.22,-17.95974,2020-03-12 19:02:50+00:00,0.88196,13.3854,2023-03-10 23:50:50+00:00,2026-09-10T13:27:20.000Z
22,22,Ethena-Usde,Usde,Ethena Usde,['https://coin-images.coingecko.com/coins/images/33613/large/usde.png?1733810059'],0.999499,4499423114,23,4499423114,130660631.0,0.999881,0.999414,-0.0002063168566778,-0.01925,45388519.0,1.01904,4501768261.240666,4501768261.240666,6219316794.89,1.034,-3.33893,2025-12-09 09:10:12+00:00,0.929486,7.53239,2024-10-03 23:57:15+00:00,2026-09-10T13:27:20.000Z
23,23,Usd1-Wlfi,Usd1,Usd1,['https://coin-images.coingecko.com/coins/images/54977/large/USD1_1000x1000_transparent.png?1749297002'],0.999355,4277305044,24,4277305044,1116623882.0,0.999574,0.999229,-7.4809622211958e-05,-0.00844,-303402.0755209923,-0.00709,4280219884.620713,4280219884.620713,6219316794.89,1.048,-4.63555,2026-07-09 10:14:50+00:00,0.988762,1.07127,2026-07-09 09:13:20+00:00,2026-09-10T13:27:20.000Z
24,24,Litecoin,Ltc,Litecoin,['https://coin-images.coingecko.com/coins/images/2/large/litecoin.png?1696501400'],52.07,4040002355,25,4040029039,291648539.0,54.52,51.8,-2.2308484431427686,-4.11941,-172804659.791677,-4.10189,77591379.34298518,77594648.10236211,84000000.0,410.26,-87.30901,2021-05-09 19:13:07+00:00,1.15,4432.04265,2015-01-13 16:00:00+00:00,2026-09-10T13:27:20.000Z
25,25,Canton-Network,Cc,Canton,['https://coin-images.coingecko.com/coins/images/70468/large/Canton-Ticker_%281%29.png?1762826299'],0.100947,3995411244,26,3995411244,10736871.0,0.105557,0.099992,-0.0039821129459474,-3.84363,-155418937.3796296,-3.74429,39565437161.70294,39566001895.17695,6219316794.89,0.194152,-48.00621,2026-02-03 00:02:08+00:00,0.059024,71.02654,2025-12-06 02:32:09+00:00,2026-09-10T13:27:20.000Z
26,26,The-Open-Network,Gram,Gram (Prev. Toncoin),['https://coin-images.coingecko.com/coins/images/17980/large/Gram_Circular_Badge.png?1781524778'],1.34,3730580854,27,7026029522,33649209.0,1.4,1.35,-0.0587126563290127,-4.26675,-162584760.0421462,-4.17616,2785783668.7545085,5246646343.198145,6219316794.89,8.25,-83.77588,2024-06-14 16:36:51+00:00,0.519364,157.82983,2021-09-20 16:33:11+00:00,2026-09-10T13:27:20.000Z
27,27,Uniswap,Uni,Uniswap,['https://coin-images.coingecko.com/coins/images/12504/large/uniswap-logo.png?1720676669'],5.87,3655422610,28,5222952927,685422145.0,6.67,5.86,-0.8323606899828881,-12.57975,-523438337.5037317,-12.52586,623212423.7271129,890460420.0329479,1000000000.0,44.92,-86.92467,2021-05-02 21:25:04+00:00,1.03,470.11762,2020-09-16 17:20:38+00:00,2026-09-10T13:27:20.000Z
28,28,Global-Dollar,Usdg,Global Dollar,['https://coin-images.coingecko.com/coins/images/51281/large/GDN_USDG_Token_200x200.png?1730484111'],0.999946,3311944587,29,3311944587,1289827691.0,1.0,0.999799,4.556e-05,0.00872,-8548458.249828815,-0.25745,3312225593.434751,3312194614.574223,6219316794.89,1.65,-39.56262,2025-01-29 16:11:05+00:00,0.907561,10.17946,2024-11-11 15:55:50+00:00,2026-09-10T13:27:20.000Z
29,29,Hedera-Hashgraph,Hbar,Hedera,['https://coin-images.coingecko.com/coins/images/3688/large/hbar.png?1696504364'],0.075183,3295094622,30,3758815160,62173402.0,0.078825,0.074904,-0.0038013484806892,-4.8136,-166892139.61961126,-4.8207,43831559702.15789,50000000000.0,50000000000.0,0.569229,-86.79221,2021-09-15 02:40:28+00:00,0.00986111,662.41448,2020-01-02 09:30:24+00:00,2026-09-10T13:27:20.000Z
30,30,Avalanche-2,Avax,Avalanche,['https://coin-images.coingecko.com/coins/images/12559/large/Avalanche_Circle_RedWhite_Trans.png?1696512369'],7.58,3271991963,31,3511982166,248935563.0,7.96,7.57,-0.4223569541973546,-5.30472,-181953345.80701447,-5.26799,431771961.1772119,463441061.1772119,720000000.0,144.96,-94.77309,2021-11-21 06:18:56+00:00,2.8,170.50421,2020-12-31 05:15:21+00:00,2026-09-10T13:27:20.000Z
31,31,Near,Near,Near Protocol,['https://coin-images.coingecko.com/coins/images/10365/large/near.jpg?1696510367'],2.4,3135849191,32,3135849237,564680351.0,2.65,2.38,-0.1879549365374089,-7.2253,-248757341.68838975,-7.34967,1305942368.0,1305942367.0,6219316794.89,20.44,-88.23787,2022-01-16 14:09:45+00:00,0.526762,356.36476,2020-11-04 08:09:15+00:00,2026-09-10T13:27:20.000Z
32,32,Sui,Sui,Sui,['https://coin-images.coingecko.com/coins/images/26375/large/sui-ocean-square.png?1727791290'],0.750186,3073344321,33,7502298188,507529235.0,0.814878,0.74918,-0.0663457833367331,-8.13442,-271607802.3939929,-8.11993,4096537146.54096,10000000000.0,10000000000.0,5.35,-85.96883,2025-01-04 14:56:18+00:00,0.364846,105.61694,2023-10-19 02:40:30+00:00,2026-09-10T13:27:20.000Z
33,33,Shiba-Inu,Shib,Shiba Inu,['https://coin-images.coingecko.com/coins/images/11939/large/shiba.png?1696511800'],5.06e-06,2982757372,34,2984057659,82600247.0,5.45e-06,5.05e-06,-3.90959254583e-07,-7.15898,-230991466.90307665,-7.1876,589239233105565.5,589496238721205.9,6219316794.89,8.616e-05,-94.12352,2021-10-27 19:54:55+00:00,5.6366e-11,8982384.70097,2020-11-28 03:26:25+00:00,2026-09-10T13:27:20.000Z
34,34,Paypal-Usd,Pyusd,Paypal Usd,['https://coin-images.coingecko.com/coins/images/31212/large/PYUSD_Token_Logo_2x.png?1765987788'],1.0,2798177805,35,2798177805,78664296.0,1.0,0.999782,0.00015498,0.02288,-35430140.14529514,-1.25035,2798110720.8996186,2798110720.899618,6219316794.89,1.021,-2.02711,2023-10-23 14:44:57+00:00,0.959426,4.23376,2024-12-05 14:31:13+00:00,2026-09-10T13:27:20.000Z
35,35,Blackrock-Usd-Institutional-Digital-Liquidity-Fund,Buidl,Blackrock Usd Institutional Digital Liquidity Fund,['https://coin-images.coingecko.com/coins/images/36291/large/blackrock.png?1711013223'],1.0,2797063204,36,2797063204,,1.0,1.0,-0.0083312504920847,-3.82867,-20601001.89999962,-0.73114,2797063203.770449,2797063203.770449,6219316794.89,1.0,0.0,2025-02-11 21:00:10+00:00,1.0,0.0,2026-07-23 07:25:00+00:00,2026-09-10T13:27:20.000Z
36,36,Crypto-Com-Chain,Cro,Cronos,['https://coin-images.coingecko.com/coins/images/7310/large/cro_token_logo.png?1696507599'],0.056194,2728019353,37,5558349396,6873930.0,0.06001,0.055997,-0.0038587411891891,-6.42303,-187192750.6900735,-6.42124,48545965688.4151,98912619318.4818,100000000000.0,0.891544,-93.69696,2021-11-23 16:00:00+00:00,0.0121196,363.66529,2019-02-07 16:00:00+00:00,2026-09-10T13:27:20.000Z
37,37,Memecore,M,Memecore,['https://coin-images.coingecko.com/coins/images/53247/large/square-bg-transparent.png?1752637478'],1.18,2669935508,38,6362797814,1396383.0,1.23,1.16,-0.010886053133974,-0.78051,-24363226.559191227,-0.90425,2271210359.6084576,5412584786.407936,10000000000.0,5.64,-79.16873,2026-07-02 04:14:00+00:00,0.04746135,2376.94324,2025-07-03 19:56:17+00:00,2026-09-10T13:27:20.000Z
38,38,Tether-Gold,Xaut,Tether Gold,['https://coin-images.coingecko.com/coins/images/10481/large/logo.png?1774627372'],4348.64,2664885498,39,3077663410,213897427.0,4423.18,4329.92,-76.3724189453851,-1.66972,-46863882.49310064,-1.72818,612823.6595320001,707747.089,6219316794.89,5504.62,-21.0002,2026-01-28 16:00:00+00:00,1447.84,200.35306,2020-03-19 05:45:41+00:00,2026-09-10T13:27:20.000Z
39,39,Hashnote-Usyc,Usyc,Circle Usyc,['https://coin-images.coingecko.com/coins/images/51054/large/Hashnote_SDYC_200x200.png?1730370965'],1.14,2625074051,40,2625074051,,1.14,1.14,9.82e-05,0.00864,328321.0,0.01251,2309100302.298091,2309100302.298091,6219316794.89,1.14,0.0,2026-09-10 12:55:00+00:00,1.026,10.79187,2024-12-05 14:31:20+00:00,2026-09-10T13:27:20.000Z
40,40,Ripple-Usd,Rlusd,Ripple Usd,['https://coin-images.coingecko.com/coins/images/39651/large/RLUSD_200x200_%281%29.png?1727376633'],1.0,2421266644,41,2421266644,89384433.0,1.0,0.999751,-4.7963836192544e-05,-0.00658,-16603132.831368446,-0.68105,2421307130.10722,2421307130.107223,6219316794.89,1.073,-6.78705,2024-12-26 02:45:52+00:00,0.962292,3.91913,2024-12-17 20:40:40+00:00,2026-09-10T13:27:20.000Z
41,41,Bittensor,Tao,Bittensor,['https://coin-images.coingecko.com/coins/images/28452/large/ARUsPeNQ_400x400.jpeg?1696527447'],242.46,2327098057,42,5091857779,226976572.0,264.32,242.47,-25.067156694030476,-9.36013,-240480733.62729788,-9.36605,9597491.0,21000000.0,21000000.0,757.6,-67.99666,2024-03-07 10:45:36+00:00,30.83,686.43894,2023-05-14 00:57:53+00:00,2026-09-10T13:27:20.000Z
42,42,Okb,Okb,Okb,['https://coin-images.coingecko.com/coins/images/4463/large/WeChat_Image_20220118095654.png?1696505053'],110.34,2316989762,43,2316989762,19348222.0,114.86,110.34,-4.093440089202119,-3.55725,-86204007.40813589,-3.58706,21000000.0,21000000.0,21000000.0,228.74,-51.7598,2025-10-04 16:00:00+00:00,0.580608,18904.96705,2019-01-13 16:00:00+00:00,2026-09-10T13:27:20.000Z
43,43,Ondo-Us-Dollar-Yield,Usdy,Ondo Us Dollar Yield,['https://coin-images.coingecko.com/coins/images/31700/large/usdy_%281%29.png?1696530524'],1.14,2215070291,44,2215070291,5442811.0,1.15,1.14,-0.0016456232041166,0.00509,8216153.0,0.3723,1936120771.763623,1936120771.763623,6219316794.89,1.26,-9.42202,2024-03-26 21:24:08+00:00,0.934184,22.4643,2024-01-14 03:40:50+00:00,2026-09-10T13:27:20.000Z
44,44,Mantle,Mnt,Mantle,['https://coin-images.coingecko.com/coins/images/30980/large/MNT_Token_Logo.png?1765516974'],0.577569,1907566627,45,3592581334,28213900.0,0.642601,0.57539,-0.0631413482989698,-9.92239,-208248733.1791811,-9.84248,3302294382.53684,6219316794.889999,6219316794.89,2.86,-79.7703,2025-10-08 17:04:46+00:00,0.307978,87.53622,2023-10-17 18:50:46+00:00,2026-09-10T13:27:20.000Z
45,45,Aster-2,Aster,Aster,['https://coin-images.coingecko.com/coins/images/69040/large/_ASTER.png?1757326782'],0.702314,1898403981,46,5478807243,142200533.0,0.751133,0.701399,-0.0489228142698313,-6.4831,-132993265.29067206,-6.54689,2704071066.7997317,7803968119.651995,8000000000.0,2.41,-70.84305,2025-09-24 03:18:14+00:00,0.099713,604.33191,2025-09-17 04:05:36+00:00,2026-09-10T13:27:20.000Z
46,46,Pax-Gold,Paxg,Pax Gold,['https://coin-images.coingecko.com/coins/images/9519/large/asset-paxg.png?1785284785'],4349.66,1881254849,47,1881254849,146309654.0,4427.77,4330.22,-77.93827460225839,-1.72471,-33697573.58398819,-1.75971,432503.321551,432503.321551,6219316794.89,5619.09,-22.59133,2026-01-28 22:30:56+00:00,1399.64,210.7698,2019-11-17 19:09:35+00:00,2026-09-10T13:27:20.000Z
47,47,Aave,Aave,Aave,['https://coin-images.coingecko.com/coins/images/12645/large/aave-token-round.png?1720472354'],121.66,1876667794,48,1946305439,227360877.0,130.48,121.65,-8.660694750821918,-6.65444,-133926170.35623908,-6.66103,15427529.563077517,16000000.0,16000000.0,661.69,-81.613,2021-05-18 13:19:59+00:00,26.02,367.52602,2020-11-05 01:20:11+00:00,2026-09-10T13:27:20.000Z
48,48,Polkadot,Dot,Polkadot,['https://coin-images.coingecko.com/coins/images/12171/large/polkadot.jpg?1766533446'],1.092,1859047595,49,1859065200,194027311.0,1.16,1.088,-0.0783842521855873,-6.70948,-133292092.8073299,-6.69023,1702097434.813982,1702117935.326118,2100000000.0,54.98,-98.01336,2021-11-04 06:10:09+00:00,0.727004,50.23802,2026-08-18 02:57:10+00:00,2026-09-10T13:27:20.000Z
49,49,World-Liberty-Financial,Wlfi,World Liberty Financial,['https://coin-images.coingecko.com/coins/images/50767/large/wlfi.png?1756438915'],0.055999,1777729576,50,5594356200,37479304.0,0.056977,0.055019,8.96e-05,0.18969,1085819.0,0.06112,31777196737.0,100000000000.0,100000000000.0,0.331336,-83.09899,2025-09-01 04:20:09+00:00,0.050799,10.23713,2026-08-09 02:00:00+00:00,2026-09-10T13:27:20.000Z
50,50,Ondo-Finance,Ondo,Ondo,['https://coin-images.coingecko.com/coins/images/26580/large/ONDO.png?1696525656'],0.349506,1701671484,51,3494672282,117343569.0,0.378074,0.3475,-0.0296851970797452,-7.83086,-144734438.69482994,-7.83871,4869330647.0,10000000000.0,10000000000.0,2.14,-83.66915,2024-12-15 16:36:00+00:00,0.082171,325.33954,2024-01-18 04:14:30+00:00,2026-09-10T13:27:20.000Z
51,51,Pump-Fun,Pump,Pump.Fun,['https://coin-images.coingecko.com/coins/images/67164/large/pump.jpg?1751949376'],0.00387964,1608873443,52,3239007688,369368662.0,0.00482089,0.00384956,-0.0007648135564657,-16.50424,-317811236.3288312,-16.49524,414657242500.5876,834788573196.6761,1000000000000.0,0.00881908,-56.00858,2025-09-14 08:42:40+00:00,0.00115473,235.97926,2026-06-25 17:04:20+00:00,2026-09-10T13:27:20.000Z
52,52,Morpho,Morpho,Morpho,['https://coin-images.coingecko.com/coins/images/29837/large/Morpho-token-icon.png?1726771230'],2.25,1548374384,53,2247643838,20872061.0,2.39,2.23,-0.1070669937011086,-4.51224,-73776163.25212097,-4.54805,688887784.3170698,1000000000.0,1000000000.0,4.17,-46.10264,2025-01-17 04:46:19+00:00,0.713151,215.19918,2024-11-24 17:55:43+00:00,2026-09-10T13:27:20.000Z
53,53,Internet-Computer,Icp,Internet Computer,['https://coin-images.coingecko.com/coins/images/14495/large/Internet_Computer_logo.png?1696514180'],2.74,1526634131,54,1526636746,55541922.0,2.89,2.72,-0.1419245793196384,-4.90666,-78710867.50290036,-4.90305,556268872.9048556,556269825.7674338,6219316794.89,700.65,-99.60836,2021-05-10 08:05:53+00:00,2.0,37.01708,2026-08-01 20:31:10+00:00,2026-09-10T13:27:20.000Z
54,54,Htx-Dao,Htx,Htx Dao,['https://coin-images.coingecko.com/coins/images/35491/large/Frame_1321318576.png?1708908626'],1.68e-06,1510151983,55,1510151983,45332687.0,1.69e-06,1.68e-06,-7.002670966e-09,-0.43231,-6431874.89518714,-0.4241,898232728634017.2,898232728634017.2,999990000000000.0,3.75e-06,-55.1804,2024-12-03 16:16:20+00:00,8.00816e-07,109.96156,2024-08-05 05:31:33+00:00,2026-09-10T13:27:20.000Z
55,55,Worldcoin-Wld,Wld,Worldcoin,['https://coin-images.coingecko.com/coins/images/31069/large/worldcoin.jpeg?1696529903'],0.405233,1491195699,56,4051897051,206723334.0,0.44988,0.402342,-0.0488997801953436,-10.77507,-179467986.56752777,-10.74232,3680240835.629099,10000000000.0,10000000000.0,11.74,-96.54846,2024-03-09 16:10:42+00:00,0.229961,76.21768,2026-05-18 15:06:00+00:00,2026-09-10T13:27:20.000Z
56,56,Usdd,Usdd,Usdd,['https://coin-images.coingecko.com/coins/images/25380/large/UUSD.jpg?1696524513'],0.999068,1485914228,57,1493099731,2787411.0,0.999747,0.998008,-0.000648900614201,-0.05978,-11477536.445073605,-0.7665,1487315929.0,1491270221.0,6219316794.89,1.24,-19.57323,2026-07-09 09:35:10+00:00,0.928067,7.65038,2022-06-19 08:15:11+00:00,2026-09-10T13:27:20.000Z
57,57,Ethena,Ena,Ethena,['https://coin-images.coingecko.com/coins/images/36530/large/ethena.png?1711701436'],0.146259,1476341265,58,2193604108,356558838.0,0.164399,0.145743,-0.0173884447677537,-10.72335,-175728891.86850762,-10.63689,10095312500.0,15000000000.0,15000000000.0,1.52,-90.36314,2024-04-11 05:15:15+00:00,0.070228,108.26138,2026-06-30 15:44:00+00:00,2026-09-10T13:27:20.000Z
58,58,Pepe,Pepe,Pepe,['https://coin-images.coingecko.com/coins/images/29850/large/pepe-token.jpeg?1696528776'],3.34e-06,1405799346,59,1405799346,253476976.0,3.69e-06,3.33e-06,-3.78331934945e-07,-10.08451,-158414181.3853898,-10.1274,420690000000000.0,420690000000000.0,420690000000000.0,2.803e-05,-88.08386,2024-12-09 08:30:35+00:00,5.5142e-08,5956.82451,2023-04-17 18:14:41+00:00,2026-09-10T13:27:20.000Z
59,59,Usdgo,Usdgo,Usdgo,['https://coin-images.coingecko.com/coins/images/102172077/large/USDGO_%287%29.png?1771437018'],1.0,1383051937,60,1383051937,26045464.0,1.0,0.999891,-8.2111144466213e-05,-0.00969,9381912.0,0.68298,1382942039.16,1382942039.16,6219316794.89,1.002,-0.23198,2026-03-11 00:04:22+00:00,0.999259,0.08256,2026-05-13 20:34:00+00:00,2026-09-10T13:27:20.000Z
60,60,Sky,Sky,Sky,['https://coin-images.coingecko.com/coins/images/39925/large/sky.jpg?1724827980'],0.058619,1373490617,61,1375611711,14224398.0,0.064653,0.058177,-0.0059789177269468,-9.22048,-139888436.33339953,-9.24345,23426487411.36321,23462665147.36596,23462665147.3,0.100535,-41.69288,2024-12-04 02:13:57+00:00,0.03582727,63.61613,2025-02-02 21:01:48+00:00,2026-09-10T13:27:20.000Z
61,61,Bitget-Token,Bgb,Bitget Token,['https://coin-images.coingecko.com/coins/images/11610/large/Bitget_logo.png?1736925727'],1.94,1357386380,62,1766408096,12899919.0,2.0,1.92,-0.0512375734478829,-2.4957,-35835743.44641423,-2.57215,699992029.6481038,910920874.6481038,2000000000.0,8.45,-77.05292,2024-12-27 03:41:24+00:00,0.0142795,13479.62044,2020-06-24 20:17:05+00:00,2026-09-10T13:27:20.000Z
62,62,Falcon-Finance,Usdf,Falcon Usd,['https://coin-images.coingecko.com/coins/images/54558/large/ff_200_X_200.png?1740741076'],0.996576,1339860323,63,1339860323,369807.0,1.01,0.991111,-0.0002219501112485,-0.01512,-308977.1884419918,-0.02306,1344475004.618144,1344475004.618144,6219316794.89,1.075,-7.25926,2025-05-08 13:25:42+00:00,0.943422,5.63409,2025-07-08 02:16:34+00:00,2026-09-10T13:27:20.000Z
63,63,Bfusd,Bfusd,Bfusd,['https://coin-images.coingecko.com/coins/images/68227/large/bfusd.png?1755132827'],0.999521,1319338368,64,1319338368,6759066.0,0.999857,0.999477,-0.00013660687892,-0.01205,-209450.1368420124,-0.01587,1320000000.0,1320000000.0,6219316794.89,1.007,-0.73527,2025-10-10 13:40:40+00:00,0.996931,0.2598,2026-07-29 19:14:40+00:00,2026-09-10T13:27:20.000Z
64,64,Spiko-Amundi-Overnight-Swap-Fund-Eur,Eursafo,Spiko Amundi Overnight Swap Fund (Eur),['https://coin-images.coingecko.com/coins/images/102172591/large/Fund_eurSAF0.png?1774104814'],1.17,1314745897,65,1314745897,,1.18,1.17,-0.0045856508116282,-0.38899,66689961.0,5.34351,1119625332.18736,1119625332.18736,6219316794.89,1.18,-0.80164,2026-08-21 11:35:00+00:00,1.15,1.74776,2026-07-30 07:40:10+00:00,2026-09-10T13:27:20.000Z
65,65,United-Stables,U,United Stables,['https://coin-images.coingecko.com/coins/images/71157/large/united-stables-logo.jpg?1766061640'],0.999181,1280606791,66,1280606791,176865024.0,0.999373,0.998997,7.446e-05,0.01035,-5742998.819751263,-0.44646,1281500007.8,1281500007.8,6219316794.89,1.008,-0.85315,2026-02-05 13:06:07+00:00,0.968158,3.20432,2025-12-20 16:47:20+00:00,2026-09-10T13:27:20.000Z
66,66,Bitway,Btw,Bitway,['https://coin-images.coingecko.com/coins/images/71205/large/BTW_Token_200x200.png?1786291907'],0.468503,1268869271,67,4685386291,10751913.0,0.471754,0.43293,0.01929156,4.35396,52339650.0,4.30237,2708142280.000001,10000000000.0,10000000000.0,0.745279,-37.13718,2026-08-19 09:36:00+00:00,0.00911805,5038.19786,2026-03-03 06:55:24+00:00,2026-09-10T13:27:20.000Z
67,67,Ethereum-Classic,Etc,Ethereum Classic,['https://coin-images.coingecko.com/coins/images/453/large/ethereum-classic-logo.png?1696501717'],7.71,1219499871,68,1219499871,60458123.0,8.37,7.67,-0.6696181749045396,-7.92025,-105650139.05424929,-7.97269,158130846.3427831,158131277.2419831,210700000.0,167.09,-95.38494,2021-05-06 10:34:22+00:00,0.615038,1153.7586,2016-07-24 16:00:00+00:00,2026-09-10T13:27:20.000Z
68,68,Venice-Token,Vvv,Venice Token,['https://coin-images.coingecko.com/coins/images/54023/large/VVV_Token_Transparent.png?1741856877'],24.03,1152251647,69,1946715350,154151810.0,26.08,22.23,-2.130860004533968,-8.05457,-101019569.40015578,-8.06047,47914366.513016045,80979732.14382271,6219316794.89,29.19,-17.65736,2026-09-09 07:42:00+00:00,0.91975,2512.9675,2025-12-01 10:55:48+00:00,2026-09-10T13:27:20.000Z
69,69,Lighter,Lit,Lighter,['https://coin-images.coingecko.com/coins/images/71121/large/lighter.png?1765888098'],4.54,1135234423,70,4540937690,101341183.0,5.08,4.42,-0.5517406813879191,-10.8838,-138220481.1559,-10.85398,250000000.0,1000000000.0,1000000000.0,7.86,-42.21127,2025-12-30 01:05:21+00:00,0.779399,482.76708,2026-03-31 09:55:00+00:00,2026-09-10T13:27:20.000Z
70,70,Pi-Network,Pi,Pi Network,['https://coin-images.coingecko.com/coins/images/54342/large/pi_network.jpg?1739347576'],0.09607,1070290641,71,1646600986,6550211.0,0.097702,0.093235,-0.0017894293852387,-1.83441,-20032181.98786652,-1.83727,11141680597.248924,17141047072.69065,100000000000.0,2.99,-96.78437,2025-02-26 08:41:03+00:00,0.070586,36.10388,2026-07-14 02:37:30+00:00,2026-09-10T13:27:20.000Z
71,71,Kaspa,Kas,Kaspa,['https://coin-images.coingecko.com/coins/images/25751/large/kaspa-icon-exchanges.png?1696524837'],0.03771009,1045172018,72,1045194157,29437666.0,0.03928072,0.03484704,0.00152136,4.19595,43214657.0,4.31302,27691695062.443264,27692331519.9827,28704026601.0,0.207411,-81.81867,2024-07-31 16:40:47+00:00,0.00017105,21946.28922,2022-05-26 06:42:59+00:00,2026-09-10T13:27:20.000Z
72,72,Arbitrum,Arb,Arbitrum,['https://coin-images.coingecko.com/coins/images/16547/large/arb.jpg?1721358242'],0.148208,989717749,73,1482040275,306660358.0,0.165926,0.145666,-0.018308291869104,-11.10127,-122288625.83642995,-10.99712,6678075931.0,10000000000.0,10000000000.0,2.39,-93.79958,2024-01-12 04:29:59+00:00,0.07048,110.2836,2026-06-26 13:20:40+00:00,2026-09-10T13:27:20.000Z
73,73,Polygon-Ecosystem-Token,Pol,Pol (Ex-Matic),['https://coin-images.coingecko.com/coins/images/32440/large/pol.png?1759114181'],0.091,974631690,74,974631690,84450093.0,0.098193,0.090625,-0.0064509025391197,-6.70444,-69179629.55870843,-6.6276,10711779103.38826,10711779103.38826,6219316794.89,1.29,-92.93241,2024-03-13 10:55:06+00:00,0.067711,34.39399,2026-07-01 01:13:30+00:00,2026-09-10T13:27:20.000Z
74,74,Blockchain-Capital,Bcap,Blockchain Capital,['https://coin-images.coingecko.com/coins/images/56040/large/bcap_logo_200.png?1748088291'],106.49,970348700,75,970348700,,106.49,106.49,-0.0083312504920847,-3.82867,-52846147.91162109,-3.58706,9112111.0,9112111.0,6219316794.89,106.49,0.0,2026-09-08 22:20:10+00:00,17.76,499.60586,2025-06-02 12:50:02+00:00,2026-09-10T13:27:20.000Z
75,75,Gatechain-Token,Gt,Gate,['https://coin-images.coingecko.com/coins/images/8183/large/200X200.png?1735246724'],8.96,956551613,76,1066461715,2796794.0,9.35,9.0,-0.4208429464590857,-4.32131,-44029101.71707034,-4.40035,106623165.60739252,118874451.70937684,142622844.0,25.38,-64.68507,2025-01-25 16:00:00+00:00,0.25754,3380.43739,2020-03-12 18:18:02+00:00,2026-09-10T13:27:20.000Z
76,76,Cosmos,Atom,Cosmos Hub,['https://coin-images.coingecko.com/coins/images/1481/large/cosmos_hub.png?1696502525'],1.79,947879945,77,947930471,65021941.0,1.96,1.78,-0.1677502701765261,-8.50029,-88600372.20547497,-8.5482,529892426.812725,529922361.717385,6219316794.89,43.84,-95.91997,2021-09-19 16:00:00+00:00,1.16,54.20768,2020-03-12 18:27:44+00:00,2026-09-10T13:27:20.000Z
77,77,Quant-Network,Qnt,Quant,['https://coin-images.coingecko.com/coins/images/3370/large/5ZOu7brX_400x400.jpg?1696504070'],65.12,946567813,78,951014027,7039868.0,67.78,64.82,-2.6877885819789498,-4.01858,-39705133.11575949,-4.02578,14544176.164081177,14612493.0,14612493.0,427.42,-84.76345,2021-09-11 01:15:00+00:00,0.215773,30081.87402,2018-08-22 16:00:00+00:00,2026-09-10T13:27:20.000Z
78,78,Kucoin-Shares,Kcs,Kucoin,['https://coin-images.coingecko.com/coins/images/1047/large/sa9z79.png?1696502152'],6.86,940197876,79,974472883,2816887.0,7.06,6.85,-0.1494727959964725,-2.12512,-20507405.605778094,-2.13462,137155021.2773955,142155021.2773955,6219316794.89,28.83,-76.22243,2021-12-01 07:09:35+00:00,0.342863,1899.35456,2019-02-06 16:00:00+00:00,2026-09-10T13:27:20.000Z
79,79,Algorand,Algo,Algorand,['https://coin-images.coingecko.com/coins/images/4380/large/download.png?1696504978'],0.097095,877629397,80,877633923,47216826.0,0.101985,0.096284,-0.0039357902815412,-3.9036,-35662903.47778344,-3.90487,9039923262.00091,9039974297.3427,10000000000.0,3.56,-97.27349,2019-06-20 06:51:19+00:00,0.075732,28.20887,2026-07-29 20:10:10+00:00,2026-09-10T13:27:20.000Z
80,80,Eutbl,Eutbl,Spiko Eu T-Bills Money Market Fund,['https://coin-images.coingecko.com/coins/images/39657/large/EUTBL.png?1723517425'],1.23,865442517,81,865442517,,1.23,1.23,-0.004782788274432,-0.38797,-16374056.758588197,-1.85686,704755041.68557,704755041.68557,6219316794.89,1.26,-2.61793,2026-01-27 13:00:08+00:00,1.011,21.47193,2024-08-15 01:45:23+00:00,2026-09-10T13:27:20.000Z
81,81,Just,Jst,Just,['https://coin-images.coingecko.com/coins/images/11095/large/JUST.jpg?1696511035'],0.103766,849689853,82,849689853,24422970.0,0.105928,0.102162,0.00112145,1.11176,9159776.0,1.08976,8188743036.341737,8188743036.341737,9900000000.0,0.193254,-46.30593,2021-04-04 20:34:23+00:00,0.00476275,2078.70104,2020-05-08 22:08:54+00:00,2026-09-10T13:27:20.000Z
82,82,Nexo,Nexo,Nexo,['https://coin-images.coingecko.com/coins/images/3695/large/CG-nexo-token-200x200_2x.png?1730414360'],0.836378,837041793,83,837041793,3036475.0,0.849623,0.831659,-0.007957469623558,-0.93531,-7293667.132768035,-0.86384,1000000000.0,1000000000.0,1000000000.0,4.07,-79.43992,2021-05-12 06:37:47+00:00,0.04515276,1752.32964,2018-09-12 16:00:00+00:00,2026-09-10T13:27:20.000Z
83,83,Superstate-Short-Duration-Us-Government-Securities-Fund-Ustb,Ustb,Invesco Short Duration Us Government Securities Fund,['https://coin-images.coingecko.com/coins/images/35012/large/Invesco_icon_lg.png?1780816895'],11.21,812242372,84,814048714,,11.21,11.21,0.001101,0.00983,-8793000.847317219,-1.07096,72475935.23173,72619184.682154,6219316794.89,11.21,0.0,2026-09-10 13:25:00+00:00,10.29,8.90419,2025-02-26 01:55:09+00:00,2026-09-10T13:27:20.000Z
84,84,Stable-2,Stable,​​Stable,['https://coin-images.coingecko.com/coins/images/69242/large/stable-logotype-framed-square-light.png?1762753913'],0.02961505,773093892,85,2951478194,9830366.0,0.02970387,0.02800359,0.00099086,3.41136,24162608.0,3.22628,26193447530.0,100000000000.0,100000000000.0,0.04323745,-31.50602,2026-05-14 23:31:00+00:00,0.0092214,221.1558,2025-12-23 21:49:32+00:00,2026-09-10T13:27:20.000Z
85,85,Janus-Henderson-Anemoy-Treasury-Fund,Jtrsy,Janus Henderson Anemoy Treasury Fund,['https://coin-images.coingecko.com/coins/images/70445/large/JTRSY.png?1762078582'],1.12,750052639,86,750052639,,1.12,1.12,0.000164,0.0147,-24889722.88429916,-3.21182,672308859.001803,672308859.001803,6219316794.89,1.12,0.0,2026-09-10 13:25:00+00:00,1.085,2.84539,2025-11-12 20:05:05+00:00,2026-09-10T13:27:20.000Z
86,86,Jupiter-Exchange-Solana,Jup,Jupiter,['https://coin-images.coingecko.com/coins/images/34188/large/jup.png?1704266489'],0.224658,745795089,87,1541199154,79189933.0,0.252296,0.223238,-0.0253308332221628,-10.08591,-84245879.0175699,-10.1496,3320312968.08,6861487305.722849,10000000000.0,2.0,-88.76718,2024-01-31 07:02:47+00:00,0.135801,65.43183,2026-02-12 10:35:44+00:00,2026-09-10T13:27:20.000Z
87,87,Render-Token,Render,Render,['https://coin-images.coingecko.com/coins/images/11636/large/rndr.png?1696511529'],1.4,726596100,88,747269310,57077786.0,1.57,1.39,-0.1370691628276223,-8.88496,-71116830.82554364,-8.91509,518772101.28269154,533532274.5626915,644245094.0,13.53,-89.65159,2024-03-17 08:30:24+00:00,0.03665669,3720.92654,2020-06-16 05:22:25+00:00,2026-09-10T13:27:20.000Z
88,88,Dash,Dash,Dash,['https://coin-images.coingecko.com/coins/images/19/large/dash-logo.png?1696501423'],56.41,723287048,89,723585988,175518035.0,65.06,56.07,-7.975759511683925,-12.40095,-102690466.25627446,-12.4326,12824703.59132163,12824688.23224829,18920000.0,1493.59,-96.22312,2017-12-19 16:00:00+00:00,0.213899,26272.78188,2014-02-13 16:00:00+00:00,2026-09-10T13:27:20.000Z
89,89,Janus-Henderson-Anemoy-Aaa-Clo-Fund,Jaaa,Janus Henderson Anemoy Aaa Clo Fund,['https://coin-images.coingecko.com/coins/images/70446/large/jaaa.png?1762078666'],1.049,713208265,90,713208265,,1.049,1.049,-0.0083312504920847,-3.82867,1750001.0,0.24597,679991366.72342,679991366.72342,6219316794.89,1.049,0.0,2026-09-09 11:20:00+00:00,1.009,3.89921,2025-12-06 06:10:05+00:00,2026-09-10T13:27:20.000Z
90,90,Gho,Gho,Gho,['https://coin-images.coingecko.com/coins/images/30663/large/gho-token-logo.png?1720517092'],0.998486,697954217,91,697954217,5301136.0,0.998636,0.998163,0.00017849,0.0141,137261.0,0.01967,699000000.0,699000000.0,6219316794.89,1.03,-3.04478,2024-02-28 09:15:58+00:00,0.917065,8.87838,2023-10-23 20:41:04+00:00,2026-09-10T13:27:20.000Z
91,91,Vechain,Vet,Vechain,['https://coin-images.coingecko.com/coins/images/1167/large/VET.png?1742383283'],0.00787007,676572141,92,676572141,22647904.0,0.00807445,0.00740968,9.907e-05,1.27394,8382006.0,1.25443,85985041177.0,85985041177.0,86712634466.0,0.280991,-97.19917,2021-04-18 17:08:21+00:00,0.00191713,310.51242,2020-03-12 18:29:59+00:00,2026-09-10T13:27:20.000Z
92,92,Pancakeswap-Token,Cake,Pancakeswap,['https://coin-images.coingecko.com/coins/images/12632/large/pancakeswap-cake-logo_%281%29.png?1696512440'],2.1,671657521,93,696137226,76196526.0,2.29,2.11,-0.2103581739932631,-9.16925,-67574652.90111995,-9.14119,320187582.0028005,331857365.0223532,400000000.0,43.96,-95.22701,2021-04-30 02:08:22+00:00,0.194441,979.21278,2020-11-03 06:29:34+00:00,2026-09-10T13:27:20.000Z
93,93,Filecoin,Fil,Filecoin,['https://coin-images.coingecko.com/coins/images/12817/large/filecoin.png?1696512609'],0.801834,663358743,94,1569082441,71198473.0,0.853332,0.79472,-0.0479210881703372,-5.60347,-39601347.02998412,-5.63351,827388008.0,1957070603.0,6219316794.89,236.84,-99.66144,2021-04-01 05:29:41+00:00,0.612413,30.93019,2026-08-18 03:52:30+00:00,2026-09-10T13:27:20.000Z
94,94,Ether-Fi,Ethfi,Ether.Fi,['https://coin-images.coingecko.com/coins/images/35958/large/etherfi.jpeg?1710254562'],0.62739,605365589,95,605365589,57168157.0,0.647862,0.600308,0.00854266,1.19827,7961348.0,1.33266,965350000.0,965350000.0,1000000000.0,8.53,-92.64396,2024-03-27 15:14:46+00:00,0.26653,135.39188,2026-06-05 19:19:15+00:00,2026-09-10T13:27:20.000Z
95,95,Beldex,Bdx,Beldex,['https://coin-images.coingecko.com/coins/images/5111/large/Beldex.png?1696505631'],0.076862,604714731,96,763675850,11695818.0,0.077063,0.076083,0.00037129,0.4554,2687703.0,0.44644,7870595048.404165,9939534911.670143,6219316794.89,0.450785,-82.94928,2018-12-16 16:00:00+00:00,0.00027519,27830.99384,2019-11-01 03:05:12+00:00,2026-09-10T13:27:20.000Z
96,96,Injective-Protocol,Inj,Injective,['https://coin-images.coingecko.com/coins/images/12882/large/Other_200x200.png?1738782212'],5.93,593229023,97,593229023,83496740.0,6.25,5.9,-0.3291334657151408,-5.38911,-32973581.35224819,-5.26564,100000000.0,100000000.0,6219316794.89,52.62,-88.72517,2024-03-14 07:06:22+00:00,0.657401,802.47719,2020-11-03 08:19:30+00:00,2026-09-10T13:27:20.000Z
97,97,Xdce-Crowd-Sale,Xdc,Xdc Network,['https://coin-images.coingecko.com/coins/images/2912/large/xdc-icon.png?1696503661'],0.02811165,560726767,98,1070074832,5787636.0,0.02885457,0.02806083,-0.0007590562300958,-2.61781,-15148273.995077848,-2.63048,19946688440.0,38065686425.1,6219316794.89,0.192754,-85.4158,2021-08-20 20:39:48+00:00,0.00039532,7011.14665,2019-07-21 16:00:00+00:00,2026-09-10T13:27:20.000Z
98,98,Flare-Networks,Flr,Flare,['https://coin-images.coingecko.com/coins/images/28624/large/FLR-icon200x200.png?1696527609'],0.00634582,551497765,99,675979791,3149003.0,0.00646956,0.00634072,-0.0001207673779417,-1.87229,-10482172.372059705,-1.86522,86902599207.89294,106517929730.2676,6219316794.89,0.150073,-95.77151,2023-01-09 19:14:05+00:00,0.00586043,8.28251,2026-08-19 10:09:30+00:00,2026-09-10T13:27:20.000Z
99,99,Usual-Usd,Usd0,Usual Usd,['https://coin-images.coingecko.com/coins/images/38272/large/USD0LOGO.png?1716962811'],0.997173,546890845,100,546890845,200442.0,0.999036,0.998624,-0.0015287787501585,-0.15147,-850511.9682556391,-0.15528,548453143.6102545,548453143.6102545,6219316794.89,1.33,-24.78136,2024-07-12 00:28:59+00:00,0.962885,3.561,2025-04-10 00:30:51+00:00,2026-09-10T13:27:20.000Z
